# GW151226 time-1135136350.65 (s),H1_data_whitened,L1_data_whitened,H1_template_whitened,L1_template_whitened
 -0.199805,  1.858705,  0.214631, -0.153847,  0.172884
 -0.199561,  0.747610, -0.293642, -0.184499,  0.188062
 -0.199317, -1.159448, -0.336662, -0.210653,  0.198559
 -0.199072, -2.215033,  0.118207, -0.233279,  0.203137
 -0.198828, -1.551579,  0.737879, -0.254935,  0.202191
 -0.198584,  0.169369,  1.054470, -0.277483,  0.197345
 -0.198340,  1.567909,  0.667272, -0.300499,  0.190386
 -0.198096,  1.776451, -0.412936, -0.321535,  0.182318
 -0.197852,  0.855569, -1.451320, -0.337642,  0.173196
 -0.197608, -0.519655, -1.476876, -0.346728,  0.162710
 -0.197363, -1.446524, -0.446047, -0.347930,  0.150865
 -0.197119, -1.249214,  0.481774, -0.341461,  0.138060
 -0.196875, -0.069677,  0.284916, -0.328746,  0.124548
 -0.196631,  1.106918, -0.649364, -0.312743,  0.109874
 -0.196387,  1.371165, -1.115620, -0.297470,  0.092939
 -0.196143,  0.770892, -0.691987, -0.286120,  0.072769
 -0.195899,  0.102454, -0.135681, -0.278748,  0.049378
 -0.195654, -0.013618, -0.197563, -0.271548,  0.024067
 -0.195410,  0.345256, -0.613485, -0.258875, -0.001027
 -0.195166,  0.673012, -0.541067, -0.236909, -0.023666
 -0.194922,  0.595953,  0.303463, -0.206264, -0.042080
 -0.194678,  0.157991,  1.264202, -0.171479, -0.055315
 -0.194434, -0.310774,  1.454541, -0.137796, -0.063568
 -0.194190, -0.545395,  0.664643, -0.107769, -0.068388
 -0.193945, -0.588546, -0.473126, -0.080193, -0.072217
 -0.193701, -0.671784, -1.119857, -0.051774, -0.077086
 -0.193457, -0.860526, -0.958158, -0.019853, -0.083327
 -0.193213, -0.941362, -0.366684,  0.015961, -0.089669
 -0.192969, -0.749256,  0.004771,  0.053997, -0.095047
 -0.192725, -0.466274, -0.173879,  0.091804, -0.100598
 -0.192481, -0.415476, -0.698565,  0.127364, -0.109612
 -0.192236, -0.615197, -1.158171,  0.159716, -0.124944
 -0.191992, -0.726899, -1.332261,  0.189157, -0.146040
 -0.191748, -0.505379, -1.172576,  0.217172, -0.168526
 -0.191504, -0.164501, -0.615245,  0.245912, -0.187031
 -0.191260, -0.107048,  0.278531,  0.277070, -0.198731
 -0.191016, -0.352583,  1.058565,  0.310490, -0.204401
 -0.190772, -0.548797,  1.122746,  0.343399, -0.206329
 -0.190527, -0.552688,  0.384107,  0.371064, -0.205618
 -0.190283, -0.555967, -0.523575,  0.388826, -0.201760
 -0.190039, -0.537372, -0.939995,  0.394476, -0.194556
 -0.189795, -0.114321, -0.913704,  0.389531, -0.185707
 -0.189551,  0.804153, -0.975049,  0.378545, -0.177772
 -0.189307,  1.659384, -1.321428,  0.366690, -0.171280
 -0.189063,  1.881731, -1.545513,  0.356926, -0.163160
 -0.188818,  1.587544, -1.130445,  0.348456, -0.148535
 -0.188574,  1.299451, -0.005662,  0.337566, -0.124495
 -0.188330,  1.194549,  1.348327,  0.320447, -0.092377
 -0.188086,  1.017305,  2.223458,  0.296174, -0.056513
 -0.187842,  0.650810,  2.186202,  0.267616, -0.020937
 -0.187598,  0.359795,  1.418941,  0.239411,  0.012709
 -0.187354,  0.341092,  0.599217,  0.214297,  0.044444
 -0.187109,  0.364040,  0.337539,  0.190596,  0.073814
 -0.186865,  0.161733,  0.656859,  0.162941,  0.098953
 -0.186621, -0.037390,  1.069994,  0.125972,  0.117648
 -0.186377,  0.190863,  1.160963,  0.078316,  0.128875
 -0.186133,  0.716978,  0.934160,  0.023903,  0.133062
 -0.185889,  0.894963,  0.563541, -0.030253,  0.131241
 -0.185645,  0.406265,  0.066903, -0.077930,  0.124730
 -0.185400, -0.345341, -0.536286, -0.116401,  0.116076
 -0.185156, -0.791128, -0.914109, -0.146501,  0.109889
 -0.184912, -0.796598, -0.661281, -0.170836,  0.111654
 -0.184668, -0.576623,  0.082292, -0.191941,  0.124495
 -0.184424, -0.368677,  0.593018, -0.211530,  0.146414
 -0.184180, -0.363084,  0.343256, -0.230683,  0.170697
 -0.183936, -0.618589, -0.377329, -0.250158,  0.189650
 -0.183692, -0.872402, -0.783979, -0.270318,  0.198906
 -0.183447, -0.758256, -0.426829, -0.290843,  0.199089
 -0.183203, -0.360379,  0.415198, -0.310653,  0.193987
 -0.182959, -0.229436,  1.111503, -0.328270,  0.187271
 -0.182715, -0.695278,  1.315682, -0.342373,  0.180537
 -0.182471, -1.404272,  1.140203, -0.352102,  0.173665
 -0.182227, -1.645477,  0.813886, -0.356946,  0.166221
 -0.181983, -1.020208,  0.432928, -0.356450,  0.158079
 -0.181738,  0.171264,  0.092755, -0.350165,  0.148816
 -0.181494,  1.104334, -0.029066, -0.338082,  0.137044
 -0.181250,  1.089711,  0.049851, -0.321303,  0.120905
 -0.181006,  0.189530, -0.102186, -0.302340,  0.099594
 -0.180762, -0.811935, -0.933121, -0.284377,  0.074498
 -0.180518, -1.038885, -2.171299, -0.269496,  0.048771
 -0.180274, -0.187090, -2.777231, -0.256889,  0.025539
 -0.180029,  1.208729, -1.953350, -0.242567,  0.006166
 -0.179785,  2.089008, -0.115601, -0.221325, -0.010122
 -0.179541,  1.714146,  1.406220, -0.189985, -0.025115
 -0.179297,  0.370577,  1.616353, -0.149708, -0.040105
 -0.179053, -0.923610,  0.662892, -0.105668, -0.055224
 -0.178809, -1.446790, -0.465439, -0.064276, -0.070041
 -0.178565, -1.260483, -0.857604, -0.029836, -0.084619
 -0.178320, -0.742424, -0.415564, -0.002665, -0.099887
 -0.178076, -0.104242,  0.130605,  0.020504, -0.116925
 -0.177832,  0.497977,  0.007371,  0.044427, -0.135852
 -0.177588,  0.769807, -0.724662,  0.072807, -0.155390
 -0.177344,  0.516503, -1.225672,  0.106473, -0.173458
 -0.177100,  0.003752, -0.877640,  0.142998, -0.188154
 -0.176856, -0.190749, -0.031162,  0.177929, -0.198294
 -0.176611,  0.153358,  0.414905,  0.207114, -0.203361
 -0.176367,  0.541914,  0.080749,  0.228907, -0.203450
 -0.176123,  0.366290, -0.481600,  0.245047, -0.199613
 -0.175879, -0.213850, -0.518712,  0.259693, -0.194171
 -0.175635, -0.396202,  0.030902,  0.277138, -0.190110
 -0.175391,  0.159496,  0.655270,  0.299388, -0.189431
 -0.175147,  0.798265,  1.072004,  0.324818, -0.191649
 -0.174902,  0.767927,  1.386953,  0.348717, -0.193921
 -0.174658,  0.297060,  1.473070,  0.365592, -0.193010
 -0.174414,  0.221176,  0.904237,  0.372053, -0.187499
 -0.174170,  0.658135, -0.167043,  0.368481, -0.178285
 -0.173926,  0.758231, -0.732438,  0.358400, -0.167020
 -0.173682, -0.018467, -0.140875,  0.346134, -0.154043
 -0.173438, -1.009762,  0.843021,  0.334506, -0.137724
 -0.173193, -1.165901,  0.868873,  0.323942, -0.115655
 -0.172949, -0.308342, -0.332532,  0.312946, -0.086506
 -0.172705,  0.873285, -1.688350,  0.298984, -0.051196
 -0.172461,  1.689583, -2.049113,  0.279185, -0.012884
 -0.172217,  1.818701, -1.219160,  0.251163,  0.024026
 -0.171973,  1.156849,  0.200094,  0.214304,  0.055515
 -0.171729, -0.082175,  1.496142,  0.170928,  0.079813
 -0.171484, -1.233418,  2.193188,  0.125950,  0.098516
 -0.171240, -1.641449,  2.021452,  0.084432,  0.115880
 -0.170996, -1.292589,  0.949869,  0.048287,  0.136188
 -0.170752, -0.733992, -0.614353,  0.014693,  0.160820
 -0.170508, -0.398883, -1.848949, -0.022116,  0.187205
 -0.170264, -0.248147, -2.010022, -0.066681,  0.210550
 -0.170020, -0.077738, -1.042215, -0.118747,  0.226989
 -0.169775,  0.095366,  0.316649, -0.172954,  0.235796
 -0.169531,  0.125539,  1.140408, -0.221956,  0.239304
 -0.169287,  0.032274,  1.074147, -0.260720,  0.241048
 -0.169043, -0.044422,  0.460134, -0.289115,  0.243582
 -0.168799, -0.087060, -0.188156, -0.311267,  0.247155
 -0.168555, -0.200833, -0.618158, -0.332391,  0.249659
 -0.168311, -0.451630, -0.793628, -0.355318,  0.247808
 -0.168067, -0.782587, -0.708691, -0.378907,  0.239143
 -0.167822, -0.946468, -0.345187, -0.399050,  0.223864
 -0.167578, -0.570552,  0.276411, -0.411258,  0.205205
 -0.167334,  0.401093,  0.999539, -0.413034,  0.187755
 -0.167090,  1.337089,  1.494887, -0.404831,  0.174590
 -0.166846,  1.361725,  1.494936, -0.389463,  0.165149
 -0.166602,  0.311314,  1.096985, -0.370636,  0.155403
 -0.166358, -0.966575,  0.619243, -0.351373,  0.140306
 -0.166113, -1.432216,  0.185727, -0.332916,  0.116879
 -0.165869, -0.905049, -0.228988, -0.314433,  0.085887
 -0.165625, -0.166981, -0.427983, -0.293675,  0.051062
 -0.165381, -0.016250, -0.142537, -0.268336,  0.016591
 -0.165137, -0.386438,  0.432339, -0.237477, -0.015258
 -0.164893, -0.543061,  0.704475, -0.202185, -0.044770
 -0.164649, -0.041412,  0.358699, -0.164901, -0.073516
 -0.164404,  0.740660, -0.334628, -0.127668, -0.102505
 -0.164160,  1.033674, -0.882895, -0.090445, -0.131262
 -0.163916,  0.456005, -1.036018, -0.050884, -0.158311
 -0.163672, -0.649959, -0.919874, -0.006077, -0.182224
 -0.163428, -1.480266, -0.828191,  0.044710, -0.202158
 -0.163184, -1.357003, -0.924562,  0.098394, -0.217664
 -0.162940, -0.256488, -1.191232,  0.149074, -0.228524
 -0.162695,  1.140929, -1.566840,  0.191378, -0.235256
 -0.162451,  1.974364, -1.918886,  0.223837, -0.239845
 -0.162207,  1.813273, -1.932072,  0.249688, -0.245507
 -0.161963,  0.819320, -1.286318,  0.274410, -0.254931
 -0.161719, -0.476188, -0.047226,  0.301878, -0.268002
 -0.161475, -1.402674,  1.188334,  0.332003, -0.280877
 -0.161231, -1.391350,  1.643786,  0.361262, -0.287540
 -0.160986, -0.391003,  0.989621,  0.385186, -0.283111
 -0.160742,  0.903044, -0.308365,  0.400705, -0.266767
 -0.160498,  1.545020, -1.298655,  0.407120, -0.242258
 -0.160254,  1.258934, -1.298944,  0.405870, -0.215620
 -0.160010,  0.711276, -0.470944,  0.399735, -0.191571
 -0.159766,  0.666712,  0.313730,  0.391678, -0.170992
 -0.159522,  1.030136,  0.284416,  0.383308, -0.151096
 -0.159277,  1.063024, -0.463662,  0.373604, -0.128086
 -0.159033,  0.444910, -1.046130,  0.359164, -0.100353
 -0.158789, -0.345731, -0.680852,  0.336493, -0.069916
 -0.158545, -0.733335,  0.494387,  0.305036, -0.041067
 -0.158301, -0.663490,  1.511803,  0.268439, -0.017223
 -0.158057, -0.394091,  1.489173,  0.232670,  0.001641
 -0.157813, -0.079668,  0.450104,  0.202218,  0.019024
 -0.157568,  0.199281, -0.738987,  0.177319,  0.039468
 -0.157324,  0.270903, -1.158733,  0.154167,  0.065557
 -0.157080,  0.029909, -0.536174,  0.127522,  0.096538
 -0.156836, -0.338997,  0.691120,  0.093508,  0.129279
 -0.156592, -0.506387,  1.796584,  0.051013,  0.160563
 -0.156348, -0.321446,  2.243633,  0.001756,  0.188942
 -0.156104,  0.129474,  1.991814, -0.050238,  0.214976
 -0.155859,  0.671384,  1.480555, -0.099640,  0.239908
 -0.155615,  1.082958,  1.160499, -0.141695,  0.263946
 -0.155371,  1.102118,  0.990841, -0.174624,  0.285560
 -0.155127,  0.632146,  0.639499, -0.200993,  0.302346
 -0.154883, -0.041575,  0.140493, -0.226530,  0.312708
 -0.154639, -0.440241, -0.071480, -0.256614,  0.316917
 -0.154395, -0.378667,  0.176399, -0.292668,  0.316729
 -0.154150, -0.157264,  0.541952, -0.331085,  0.313987
 -0.153906, -0.273111,  0.706341, -0.365568,  0.309338
 -0.153662, -1.011654,  0.787396, -0.391314,  0.301940
 -0.153418, -2.120830,  1.010316, -0.408168,  0.290192
 -0.153174, -2.751434,  1.254335, -0.420491,  0.272875
 -0.152930, -2.126596,  1.209786, -0.433751,  0.249930
 -0.152686, -0.573012,  0.824144, -0.450129,  0.222391
 -0.152442,  0.548379,  0.297966, -0.466332,  0.191610
 -0.152197,  0.343090, -0.276722, -0.475346,  0.158473
 -0.151953, -0.524121, -0.943230, -0.470959,  0.123297
 -0.151709, -0.662658, -1.516271, -0.451698,  0.086420
 -0.151465,  0.317664, -1.536597, -0.421347,  0.048761
 -0.151221,  1.386066, -0.834674, -0.386001,  0.011611
 -0.150977,  1.455392,  0.021704, -0.350201, -0.024273
 -0.150733,  0.715666,  0.171333, -0.314942, -0.059320
 -0.150488,  0.216158, -0.600187, -0.278363, -0.094642
 -0.150244,  0.389936, -1.620717, -0.237904, -0.130526
 -0.150000,  0.621594, -2.108582, -0.192114, -0.165168
 -0.149756,  0.302560, -1.904869, -0.141242, -0.194999
 -0.149512, -0.325571, -1.322699, -0.086782, -0.216759
 -0.149268, -0.638006, -0.650065, -0.030670, -0.230046
 -0.149024, -0.455286, -0.103107,  0.025361, -0.238396
 -0.148779, -0.068238,  0.020977,  0.080090, -0.247762
 -0.148535,  0.251192, -0.425215,  0.132875, -0.263037
 -0.148291,  0.427231, -1.110364,  0.183558, -0.284840
 -0.148047,  0.437504, -1.412475,  0.232237, -0.308892
 -0.147803,  0.268272, -0.962572,  0.278845, -0.328563
 -0.147559, -0.031362,  0.060881,  0.322660, -0.338794
 -0.147315, -0.366835,  1.049255,  0.362137, -0.338523
 -0.147070, -0.628273,  1.310284,  0.395403, -0.330077
 -0.146826, -0.688352,  0.533219,  0.421331, -0.316529
 -0.146582, -0.467544, -0.840731,  0.440551, -0.299458
 -0.146338, -0.076769, -1.773126,  0.455541, -0.278738
 -0.146094,  0.157500, -1.460312,  0.469504, -0.253938
 -0.145850, -0.013595, -0.194779,  0.484436, -0.225718
 -0.145606, -0.385137,  0.818210,  0.499435, -0.196023
 -0.145361, -0.447924,  0.767399,  0.510307, -0.167220
 -0.145117, -0.058256,  0.151927,  0.511042, -0.140985
 -0.144873,  0.288901,  0.091878,  0.496750, -0.117555
 -0.144629,  0.065444,  0.957747,  0.466549, -0.095400
 -0.144385, -0.583417,  2.026112,  0.424531, -0.071329
 -0.144141, -0.925998,  2.311629,  0.377802, -0.041357
 -0.143897, -0.352638,  1.449996,  0.332592, -0.002541
 -0.143652,  1.081530, -0.067114,  0.290966,  0.044904
 -0.143408,  2.666634, -1.250200,  0.250394,  0.096791
 -0.143164,  3.440143, -1.328548,  0.206383,  0.146597
 -0.142920,  2.745204, -0.388087,  0.156093,  0.188862
 -0.142676,  0.763678,  0.716283,  0.100408,  0.221960
 -0.142432, -1.383684,  1.224058,  0.043297,  0.248129
 -0.142188, -2.376028,  1.156357, -0.010655,  0.270866
 -0.141943, -1.819829,  1.001488, -0.058715,  0.292008
 -0.141699, -0.556163,  0.930286, -0.101121,  0.310775
 -0.141455,  0.282171,  0.703073, -0.140550,  0.325029
 -0.141211,  0.384732,  0.279151, -0.180448,  0.333092
 -0.140967,  0.307129,  0.023614, -0.223034,  0.334509
 -0.140723,  0.567386,  0.163842, -0.267793,  0.329757
 -0.140479,  1.001662,  0.406579, -0.311246,  0.319931
 -0.140234,  1.078607,  0.262828, -0.348316,  0.306863
 -0.139990,  0.607789, -0.456767, -0.374791,  0.292949
 -0.139746, -0.027166, -1.502014, -0.389539,  0.280003
 -0.139502, -0.269664, -2.341729, -0.395130,  0.267789
 -0.139258, -0.000653, -2.481688, -0.396458,  0.253757
 -0.139014,  0.241339, -1.832721, -0.398261,  0.234658
 -0.138770, -0.189485, -0.809905, -0.402992,  0.208864
 -0.138525, -1.215317,  0.024564, -0.410088,  0.177456
 -0.138281, -2.010800,  0.400239, -0.416704,  0.143321
 -0.138037, -1.950804,  0.386749, -0.419282,  0.109307
 -0.137793, -1.307787,  0.177347, -0.415101,  0.077049
 -0.137549, -0.771730, -0.001508, -0.403151,  0.046995
 -0.137305, -0.531637,  0.086478, -0.384098,  0.018913
 -0.137061, -0.228258,  0.484396, -0.359562, -0.007991
 -0.136817,  0.285071,  0.881617, -0.331171, -0.035208
 -0.136572,  0.634656,  0.887397, -0.299836, -0.064551
 -0.136328,  0.517512,  0.500943, -0.265391, -0.097052
 -0.136084,  0.186645,  0.137609, -0.226659, -0.131987
 -0.135840,  0.072399,  0.180664, -0.182108, -0.167141
 -0.135596,  0.162376,  0.631780, -0.131147, -0.200350
 -0.135352,  0.044086,  1.125223, -0.075528, -0.231011
 -0.135108, -0.468915,  1.187774, -0.019666, -0.260092
 -0.134863, -0.931313,  0.650089,  0.031118, -0.288469
 -0.134619, -0.669800, -0.107019,  0.073879, -0.314945
 -0.134375,  0.318212, -0.493478,  0.110603, -0.335705
 -0.134131,  1.118910, -0.338948,  0.147647, -0.345937
 -0.133887,  0.898073, -0.011502,  0.191748, -0.342677
 -0.133643, -0.031805,  0.066940,  0.245175, -0.327018
 -0.133399, -0.584495, -0.163033,  0.303614, -0.304061
 -0.133154, -0.226338, -0.428780,  0.358521, -0.280495
 -0.132910,  0.550275, -0.421972,  0.402184, -0.261255
 -0.132666,  1.005809, -0.125645,  0.431734, -0.247389
 -0.132422,  0.900870,  0.096470,  0.449427, -0.236417
 -0.132178,  0.475100, -0.090896,  0.459675, -0.224602
 -0.131934,  0.139277, -0.480527,  0.465605, -0.209291
 -0.131690,  0.210656, -0.528470,  0.467645, -0.189725
 -0.131445,  0.610585, -0.128995,  0.464421, -0.166276
 -0.131201,  0.840807,  0.223558,  0.454457, -0.139352
 -0.130957,  0.493530,  0.193559,  0.437194, -0.109133
 -0.130713, -0.292758,  0.080587,  0.413068, -0.076095
 -0.130469, -1.048033,  0.258312,  0.383187, -0.041299
 -0.130225, -1.478498,  0.519708,  0.348982, -0.005837
 -0.129981, -1.520103,  0.405101,  0.311722,  0.030018
 -0.129736, -1.035067, -0.002070,  0.271874,  0.066782
 -0.129492,  0.107056, -0.076695,  0.228829,  0.104573
 -0.129248,  1.543513,  0.480446,  0.181496,  0.141952
 -0.129004,  2.431846,  1.125797,  0.129556,  0.176322
 -0.128760,  2.234241,  1.057548,  0.074372,  0.205993
 -0.128516,  1.259555,  0.168949,  0.018715,  0.232100
 -0.128272,  0.218049, -0.839370, -0.034569,  0.258257
 -0.128027, -0.543586, -1.277525, -0.083914,  0.287610
 -0.127783, -1.130666, -1.115321, -0.129476,  0.319449
 -0.127539, -1.593068, -0.766665, -0.172600,  0.348344
 -0.127295, -1.650667, -0.593910, -0.214909,  0.366965
 -0.127051, -0.991649, -0.783901, -0.257524,  0.370673
 -0.126807,  0.277171, -1.304954, -0.300521,  0.360399
 -0.126563,  1.517952, -1.692824, -0.342571,  0.341586
 -0.126318,  1.931883, -1.233283, -0.381039,  0.320220
 -0.126074,  1.196290,  0.187152, -0.412884,  0.299138
 -0.125830, -0.183368,  1.518899, -0.436153,  0.277239
 -0.125586, -1.241946,  1.356467, -0.451111,  0.251558
 -0.125342, -1.353140, -0.417071, -0.459967,  0.220114
 -0.125098, -0.694793, -2.120048, -0.465078,  0.183439
 -0.124854,  0.021825, -1.867487, -0.466787,  0.144229
 -0.124609,  0.269510,  0.387136, -0.462626,  0.105838
 -0.124365,  0.181055,  2.749332, -0.448761,  0.070581
 -0.124121,  0.276892,  3.308035, -0.422816,  0.038517
 -0.123877,  0.711158,  1.910027, -0.385929,  0.007246
 -0.123633,  0.933372,  0.017545, -0.342258, -0.026860
 -0.123389,  0.253550, -0.908633, -0.296301, -0.066335
 -0.123145, -1.260307, -0.648198, -0.250314, -0.110532
 -0.122900, -2.590381, -0.012285, -0.204001, -0.155402
 -0.122656, -2.660870,  0.158267, -0.156364, -0.195538
 -0.122412, -1.468625, -0.346537, -0.107439, -0.227031
 -0.122168, -0.145820, -1.111443, -0.058042, -0.248999
 -0.121924,  0.204807, -1.501898, -0.008174, -0.262907
 -0.121680, -0.423171, -1.155796,  0.043518, -0.270848
 -0.121436, -1.099802, -0.251361,  0.098032, -0.274556
 -0.121192, -0.976544,  0.609491,  0.153748, -0.275632
 -0.120947, -0.046481,  0.801150,  0.206434, -0.275877
 -0.120703,  0.946061,  0.179876,  0.252107, -0.276653
 -0.120459,  1.244397, -0.618481,  0.290142, -0.277661
 -0.120215,  0.764507, -0.584974,  0.323454, -0.276643
 -0.119971,  0.060582,  0.603157,  0.355492, -0.270853
 -0.119727, -0.307642,  1.990546,  0.386989, -0.259355
 -0.119483, -0.190994,  2.216676,  0.415532, -0.244132
 -0.119238,  0.286687,  1.047358,  0.437969, -0.228803
 -0.118994,  0.921538, -0.369626,  0.452931, -0.215730
 -0.118750,  1.416444, -0.891273,  0.461065, -0.203787
 -0.118506,  1.510526, -0.539361,  0.463281, -0.188692
 -0.118262,  1.258075, -0.057377,  0.459307, -0.165840
 -0.118018,  0.958759,  0.150534,  0.448076, -0.133542
 -0.117774,  0.738643,  0.204202,  0.429196, -0.094211
 -0.117529,  0.401456,  0.237394,  0.403580, -0.052637
 -0.117285, -0.235691,  0.199632,  0.372455, -0.012796
 -0.117041, -1.023612,  0.053719,  0.336010,  0.024297
 -0.116797, -1.560452, -0.159847,  0.293422,  0.060142
 -0.116553, -1.478519, -0.420808,  0.244454,  0.096383
 -0.116309, -0.677406, -0.724008,  0.190910,  0.132717
 -0.116065,  0.538604, -1.019056,  0.136150,  0.166930
 -0.115820,  1.532268, -1.217866,  0.082839,  0.196922
 -0.115576,  1.742317, -1.222535,  0.031010,  0.222725
 -0.115332,  1.174855, -0.981521, -0.021590,  0.246494
 -0.115088,  0.448150, -0.578649, -0.077090,  0.270306
 -0.114844,  0.203343, -0.178202, -0.135161,  0.293752
 -0.114600,  0.443046,  0.184747, -0.192749,  0.313648
 -0.114356,  0.599625,  0.612804, -0.245900,  0.326295
 -0.114111,  0.256636,  1.031081, -0.291888,  0.330301
 -0.113867, -0.437401,  1.062830, -0.329997,  0.327358
 -0.113623, -1.083698,  0.488851, -0.360836,  0.320246
 -0.113379, -1.418815, -0.265681, -0.385315,  0.309999
 -0.113135, -1.278588, -0.428541, -0.404256,  0.295021
 -0.112891, -0.568087,  0.297391, -0.418542,  0.273074
 -0.112647,  0.443285,  1.421326, -0.429122,  0.244207
 -0.112402,  1.093487,  2.167875, -0.436580,  0.211644
 -0.112158,  0.979486,  2.125965, -0.440700,  0.179474
 -0.111914,  0.465233,  1.481401, -0.440537,  0.149116
 -0.111670,  0.162940,  0.816421, -0.434965,  0.117863
 -0.111426,  0.057510,  0.621525, -0.423215,  0.081141
 -0.111182, -0.376322,  0.823309, -0.405008,  0.036743
 -0.110938, -1.208909,  0.840777, -0.380323, -0.012607
 -0.110693, -1.781834,  0.253932, -0.349092, -0.060692
 -0.110449, -1.642719, -0.640467, -0.311038, -0.102127
 -0.110205, -1.260024, -1.113536, -0.265737, -0.135952
 -0.109961, -1.341524, -0.829869, -0.212966, -0.165575
 -0.109717, -1.758452, -0.184412, -0.153325, -0.195453
 -0.109473, -1.724214,  0.199745, -0.088860, -0.227572
 -0.109229, -0.923522,  0.041364, -0.023090, -0.260489
 -0.108984,  0.099858, -0.574634,  0.039930, -0.290990
 -0.108740,  0.713886, -1.351689,  0.097208, -0.316235
 -0.108496,  0.888414, -1.764774,  0.148098, -0.334664
 -0.108252,  0.989391, -1.313271,  0.194320, -0.345795
 -0.108008,  1.222181, -0.170797,  0.238585, -0.350033
 -0.107764,  1.460351,  0.748047,  0.282697, -0.348719
 -0.107520,  1.458375,  0.757713,  0.326344, -0.343616
 -0.107275,  1.094808,  0.096668,  0.367296, -0.335472
 -0.107031,  0.493103, -0.667505,  0.402740, -0.322766
 -0.106787,  0.019576, -1.413467,  0.430797, -0.302234
 -0.106543,  0.067169, -2.187758,  0.451276, -0.271264
 -0.106299,  0.633797, -2.594202,  0.465240, -0.230303
 -0.106055,  1.165579, -2.034606,  0.473747, -0.183148
 -0.105811,  1.079935, -0.508935,  0.476561, -0.134832
 -0.105567,  0.433600,  1.116562,  0.471773, -0.088870
 -0.105322, -0.181176,  1.769244,  0.456767, -0.045889
 -0.105078, -0.370049,  1.146567,  0.430081, -0.004216
 -0.104834, -0.252497,  0.017595,  0.392889,  0.038518
 -0.104590, -0.009177, -0.531837,  0.348804,  0.083948
 -0.104346,  0.498057, -0.124718,  0.301812,  0.132149
 -0.104102,  1.356766,  0.690755,  0.253740,  0.181335
 -0.103858,  2.074938,  1.064863,  0.203362,  0.228087
 -0.103613,  1.868771,  0.516065,  0.148052,  0.268303
 -0.103369,  0.591884, -0.793814,  0.086634,  0.298749
 -0.103125, -0.870630, -2.139456,  0.020897,  0.318476
 -0.102881, -1.372131, -2.654975, -0.045597,  0.329215
 -0.102637, -0.708503, -1.968488, -0.110186,  0.334350
 -0.102393,  0.099681, -0.532603, -0.172628,  0.336970
 -0.102149, -0.065920,  0.771483, -0.234020,  0.338148
 -0.101904, -1.096114,  1.407598, -0.294277,  0.336584
 -0.101660, -1.799964,  1.480340, -0.350728,  0.329848
 -0.101416, -1.380306,  1.328621, -0.399207,  0.316296
 -0.101172, -0.331578,  1.137239, -0.436570,  0.296172
 -0.100928,  0.268996,  1.023870, -0.462265,  0.271157
 -0.100684, -0.041006,  1.129469, -0.477747,  0.242956
 -0.100440, -0.830936,  1.393747, -0.484645,  0.212278
 -0.100195, -1.333278,  1.478511, -0.483597,  0.178986
 -0.099951, -1.018843,  1.099052, -0.474562,  0.142973
 -0.099707,  0.054154,  0.349445, -0.457787,  0.104722
 -0.099463,  1.150629, -0.333408, -0.434148,  0.065072
 -0.099219,  1.362705, -0.501180, -0.404678,  0.024664
 -0.098975,  0.520853, -0.037581, -0.370069, -0.016130
 -0.098731, -0.532653,  0.776733, -0.330759, -0.056704
 -0.098486, -0.856253,  1.467621, -0.287305, -0.095833
 -0.098242, -0.521771,  1.576392, -0.240343, -0.132102
 -0.097998, -0.473335,  0.853335, -0.190146, -0.164919
 -0.097754, -1.212086, -0.452361, -0.136428, -0.195093
 -0.097510, -2.061137, -1.532088, -0.078892, -0.224245
 -0.097266, -2.041380, -1.609049, -0.018066, -0.253387
 -0.097022, -1.093465, -0.754384,  0.044467, -0.281882
 -0.096777,  0.011516,  0.117136,  0.106715, -0.307680
 -0.096533,  0.693348,  0.233808,  0.167084, -0.328566
 -0.096289,  0.963873, -0.279147,  0.224420, -0.343273
 -0.096045,  0.937427, -0.782440,  0.277290, -0.351561
 -0.095801,  0.541031, -0.898627,  0.323532, -0.353554
 -0.095557, -0.139110, -0.620791,  0.360981, -0.349325
 -0.095313, -0.687554, -0.020325,  0.389052, -0.339215
 -0.095068, -0.806813,  0.702569,  0.409706, -0.324163
 -0.094824, -0.627316,  1.072975,  0.426591, -0.305136
 -0.094580, -0.349153,  0.732570,  0.442654, -0.281948
 -0.094336,  0.104893, -0.017515,  0.457962, -0.252947
 -0.094092,  0.806791, -0.484235,  0.469469, -0.216507
 -0.093848,  1.470091, -0.477644,  0.473009, -0.173267
 -0.093604,  1.699381, -0.517945,  0.466030, -0.126839
 -0.093359,  1.470902, -0.971675,  0.448953, -0.081828
 -0.093115,  1.139260, -1.400237,  0.424146, -0.040599
 -0.092871,  0.995803, -1.144689,  0.393495, -0.001588
 -0.092627,  0.957719, -0.356746,  0.356678,  0.039254
 -0.092383,  0.748558,  0.046520,  0.311597,  0.085099
 -0.092139,  0.308293, -0.394113,  0.256536,  0.135754
 -0.091895, -0.130006, -0.942005,  0.192157,  0.187870
 -0.091650, -0.360834, -0.602356,  0.121732,  0.237163
 -0.091406, -0.393544,  0.469270,  0.049586,  0.280426
 -0.091162, -0.299023,  1.099117, -0.020903,  0.315898
 -0.090918, -0.111764,  0.571394, -0.088272,  0.342524
 -0.090674,  0.074734, -0.606913, -0.152540,  0.359651
 -0.090430,  0.137403, -1.457850, -0.214115,  0.367769
 -0.090186,  0.086822, -1.525913, -0.273054,  0.369291
 -0.089942,  0.048190, -1.004856, -0.328982,  0.368000
 -0.089697,  0.076469, -0.293428, -0.381264,  0.366992
 -0.089453,  0.093046,  0.368237, -0.428906,  0.366503
 -0.089209,  0.005523,  0.964533, -0.470292,  0.363392
 -0.088965, -0.173150,  1.506458, -0.503342,  0.352954
 -0.088721, -0.341331,  1.815789, -0.526401,  0.332023
 -0.088477, -0.396218,  1.660178, -0.539274,  0.301275
 -0.088233, -0.270266,  1.179999, -0.543305,  0.264958
 -0.087988,  0.036109,  0.953864, -0.540012,  0.227985
 -0.087744,  0.348439,  1.355783, -0.529254,  0.192259
 -0.087500,  0.320694,  1.979550, -0.508726,  0.154974
 -0.087256, -0.269400,  2.057587, -0.475694,  0.110449
 -0.087012, -1.210637,  1.388833, -0.429758,  0.054506
 -0.086768, -1.967594,  0.508926, -0.374104, -0.011692
 -0.086524, -2.084074, -0.029661, -0.313805, -0.081268
 -0.086279, -1.393254, -0.237621, -0.252447, -0.145201
 -0.086035, -0.011391, -0.494605, -0.190009, -0.197439
 -0.085791,  1.585433, -0.955882, -0.123793, -0.238000
 -0.085547,  2.601489, -1.309707, -0.051406, -0.271997
 -0.085303,  2.456298, -1.219204,  0.026877, -0.305466
 -0.085059,  1.386495, -0.899761,  0.108057, -0.341105
 -0.084815,  0.292132, -0.918235,  0.188040, -0.376913
 -0.084570, -0.084869, -1.362578,  0.263192, -0.408314
 -0.084326,  0.301695, -1.653303,  0.330862, -0.431605
 -0.084082,  0.995208, -1.362672,  0.389379, -0.445819
 -0.083838,  1.444178, -0.767987,  0.438359, -0.451823
 -0.083594,  1.195201, -0.354288,  0.479139, -0.450095
 -0.083350,  0.087360, -0.218059,  0.514303, -0.439537
 -0.083106, -1.444863, -0.261397,  0.545873, -0.418274
 -0.082861, -2.418607, -0.561282,  0.573204, -0.385259
 -0.082617, -2.033044, -1.140330,  0.592419, -0.341032
 -0.082373, -0.534385, -1.626454,  0.598188, -0.287185
 -0.082129,  0.844319, -1.536219,  0.586786, -0.225601
 -0.081885,  1.066296, -0.796906,  0.558308, -0.158566
 -0.081641,  0.333922,  0.255498,  0.516585, -0.089575
 -0.081397, -0.264690,  1.273323,  0.466919, -0.023566
 -0.081152, -0.036781,  2.077748,  0.413191,  0.034560
 -0.080908,  0.649348,  2.536326,  0.356128,  0.082723
 -0.080664,  0.897650,  2.498751,  0.293823,  0.123774
 -0.080420,  0.226561,  1.938663,  0.224099,  0.164753
 -0.080176, -0.989813,  1.065415,  0.147065,  0.212846
 -0.079932, -1.840013,  0.194079,  0.065979,  0.270277
 -0.079688, -1.644191, -0.469949, -0.014347,  0.331821
 -0.079443, -0.537135, -0.871418, -0.090457,  0.387199
 -0.079199,  0.616169, -1.011190, -0.162223,  0.427052
 -0.078955,  0.883005, -0.886385, -0.232217,  0.448256
 -0.078711,  0.011274, -0.473858, -0.302877,  0.454781
 -0.078467, -1.313030,  0.234169, -0.373745,  0.453749
 -0.078223, -2.033071,  1.079206, -0.440938,  0.450017
 -0.077979, -1.690481,  1.636279, -0.499104,  0.443282
 -0.077734, -0.803164,  1.455430, -0.544131,  0.429240
 -0.077490, -0.239616,  0.536921, -0.574618,  0.403214
 -0.077246, -0.304149, -0.506217, -0.591534,  0.363450
 -0.077002, -0.524652, -0.933065, -0.596907,  0.312300
 -0.076758, -0.312517, -0.608805, -0.592595,  0.255194
 -0.076514,  0.309436, -0.150773, -0.579667,  0.198252
 -0.076270,  0.743875, -0.184672, -0.558320,  0.145534
 -0.076025,  0.501949, -0.547156, -0.528114,  0.096985
 -0.075781, -0.277688, -0.531786, -0.488291,  0.048146
 -0.075537, -0.945940,  0.046349, -0.438062, -0.007714
 -0.075293, -0.879271,  0.440412, -0.376945, -0.075646
 -0.075049,  0.040222, -0.087986, -0.305342, -0.155325
 -0.074805,  1.324809, -1.179031, -0.225134, -0.240073
 -0.074561,  2.219422, -1.660504, -0.139714, -0.319581
 -0.074317,  2.268384, -0.947709, -0.053035, -0.384842
 -0.074072,  1.674177,  0.198852,  0.031954, -0.432120
 -0.073828,  1.083975,  0.549276,  0.114453, -0.463433
 -0.073584,  0.966258, -0.108760,  0.195669, -0.483580
 -0.073340,  1.187410, -0.666908,  0.277294, -0.496084
 -0.073096,  1.204312, -0.012714,  0.359368, -0.500898
 -0.072852,  0.673362,  1.529787,  0.438764, -0.495043
 -0.072608, -0.178904,  2.405310,  0.509377, -0.475211
 -0.072363, -0.838255,  1.573493,  0.564338, -0.440334
 -0.072119, -1.020068, -0.245377,  0.599288, -0.392608
 -0.071875, -0.762780, -1.358970,  0.614778, -0.336716
 -0.071631, -0.238425, -0.955207,  0.615956, -0.277906
 -0.071387,  0.213695,  0.204493,  0.609327, -0.219874
 -0.071143,  0.102214,  0.842432,  0.598486, -0.163235
 -0.070899, -0.655340,  0.454777,  0.581804, -0.105248
 -0.070654, -1.285128, -0.490415,  0.553848, -0.041295
 -0.070410, -0.855363, -1.148309,  0.509584,  0.032070
 -0.070166,  0.504564, -0.872487,  0.448324,  0.113815
 -0.069922,  1.578393,  0.380696,  0.374545,  0.197007
 -0.069678,  1.410042,  1.866163,  0.295040,  0.270885
 -0.069434,  0.338065,  2.516870,  0.214468,  0.325904
 -0.069190, -0.478404,  1.925560,  0.132428,  0.358949
 -0.068945, -0.376738,  0.759370,  0.044277,  0.375262
 -0.068701,  0.159650,  0.031897, -0.054544,  0.385500
 -0.068457,  0.194006,  0.061153, -0.163409,  0.399498
 -0.068213, -0.457668,  0.243053, -0.274319,  0.420603
 -0.067969, -0.973320, -0.183633, -0.374714,  0.444130
 -0.067725, -0.619455, -1.218370, -0.453824,  0.460740
 -0.067481,  0.159837, -2.056290, -0.508337,  0.462286
 -0.067236,  0.183471, -1.978417, -0.543463,  0.446205
 -0.066992, -0.913599, -1.103286, -0.568720,  0.415845
 -0.066748, -2.029211, -0.206516, -0.591577,  0.377164
 -0.066504, -1.836674,  0.033743, -0.613313,  0.334568
 -0.066260, -0.452398, -0.416801, -0.629419,  0.288661
 -0.066016,  0.614221, -1.019094, -0.633391,  0.236712
 -0.065772,  0.219642, -1.203166, -0.620654,  0.174834
 -0.065527, -1.133876, -0.830551, -0.590162,  0.100437
 -0.065283, -1.944901, -0.203904, -0.543648,  0.014280
 -0.065039, -1.315402,  0.232497, -0.484169, -0.078360
 -0.064795,  0.263270,  0.250923, -0.415171, -0.168300
 -0.064551,  1.508183,  0.054434, -0.339900, -0.245652
 -0.064307,  1.559717,  0.044711, -0.260489, -0.304641
 -0.064063,  0.621971,  0.262566, -0.176923, -0.346971
 -0.063818, -0.475065,  0.283297, -0.087087, -0.380688
 -0.063574, -1.086778, -0.153801,  0.011355, -0.414605
 -0.063330, -1.054028, -0.704091,  0.118096, -0.452036
 -0.063086, -0.558540, -0.879386,  0.228464, -0.488427
 -0.062842,  0.043433, -0.683384,  0.334393, -0.514474
 -0.062598,  0.452220, -0.441381,  0.427735, -0.522073
 -0.062354,  0.698222, -0.196141,  0.503762, -0.508711
 -0.062109,  1.038540,  0.279206,  0.562667, -0.477690
 -0.061865,  1.476757,  0.865637,  0.608348, -0.435012
 -0.061621,  1.577928,  0.958993,  0.645417, -0.385735
 -0.061377,  0.953870,  0.213506,  0.676188, -0.332115
 -0.061133, -0.095785, -0.858317,  0.699072, -0.273850
 -0.060889, -0.613299, -1.360832,  0.709086, -0.209400
 -0.060645,  0.106637, -0.925608,  0.700296, -0.137328
 -0.060400,  1.581127,  0.131915,  0.669025, -0.057423
 -0.060156,  2.431391,  1.327252,  0.615971,  0.028306
 -0.059912,  1.887370,  2.272498,  0.545772,  0.115128
 -0.059668,  0.723137,  2.603211,  0.464222,  0.196386
 -0.059424,  0.280566,  2.168991,  0.375074,  0.265878
 -0.059180,  0.786635,  1.370882,  0.278800,  0.320744
 -0.058936,  1.193873,  0.889333,  0.174105,  0.362790
 -0.058692,  0.635893,  0.859731,  0.060922,  0.396940
 -0.058447, -0.528039,  0.614087, -0.057464,  0.427577
 -0.058203, -1.266292, -0.441228, -0.174671,  0.455282
 -0.057959, -1.060574, -1.860376, -0.283499,  0.476280
 -0.057715, -0.305263, -2.447899, -0.378567,  0.484942
 -0.057471,  0.247078, -1.529347, -0.457696,  0.477498
 -0.057227,  0.194427,  0.299059, -0.521585,  0.454429
 -0.056983, -0.297382,  1.701816, -0.572418,  0.420042
 -0.056738, -0.801882,  1.767816, -0.612342,  0.379670
 -0.056494, -1.058699,  0.705313, -0.642376,  0.336428
 -0.056250, -1.098801, -0.483085, -0.661909,  0.289618
 -0.056006, -1.078254, -0.942436, -0.668780,  0.235769
 -0.055762, -1.128390, -0.586854, -0.660010,  0.171625
 -0.055518, -1.288036,  0.055498, -0.633150,  0.097160
 -0.055274, -1.411640,  0.410572, -0.587883,  0.016651
 -0.055029, -1.179085,  0.288164, -0.527062, -0.063015
 -0.054785, -0.367656, -0.090579, -0.456212, -0.135876
 -0.054541,  0.809086, -0.429327, -0.381255, -0.200031
 -0.054297,  1.727434, -0.700246, -0.305469, -0.258124
 -0.054053,  1.891870, -1.064251, -0.227707, -0.314554
 -0.053809,  1.443669, -1.492221, -0.143490, -0.371161
 -0.053565,  0.916555, -1.701726, -0.048763, -0.424536
 -0.053320,  0.484816, -1.515490,  0.056019, -0.467183
 -0.053076, -0.187931, -1.036275,  0.164413, -0.491885
 -0.052832, -1.201580, -0.399518,  0.266480, -0.496133
 -0.052588, -1.937495,  0.364787,  0.353769, -0.483361
 -0.052344, -1.738781,  1.075679,  0.423379, -0.460211
 -0.052100, -0.860299,  1.291053,  0.478352, -0.432045
 -0.051856, -0.269482,  0.761534,  0.524391, -0.399988
 -0.051611, -0.492086, -0.112252,  0.565444, -0.361209
 -0.051367, -0.994292, -0.567446,  0.601011, -0.311548
 -0.051123, -0.848436, -0.243598,  0.626385, -0.248243
 -0.050879,  0.130443,  0.500514,  0.635095, -0.171236
 -0.050635,  1.116390,  0.999359,  0.622036, -0.083193
 -0.050391,  1.220214,  0.867420,  0.585941,  0.011026
 -0.050147,  0.537570,  0.244524,  0.530169,  0.105267
 -0.049902,  0.000025, -0.378038,  0.461227,  0.193696
 -0.049658,  0.214209, -0.584077,  0.385423,  0.272896
 -0.049414,  0.786411, -0.360626,  0.305404,  0.343047
 -0.049170,  0.985932,  0.016445,  0.218935,  0.406726
 -0.048926,  0.752645,  0.381549,  0.121079,  0.465510
 -0.048682,  0.591040,  0.784649,  0.008695,  0.516705
 -0.048438,  0.622388,  1.169059, -0.115599,  0.553137
 -0.048193,  0.369337,  1.218451, -0.242636,  0.566925
 -0.047949, -0.419159,  0.748710, -0.359778,  0.554818
 -0.047705, -1.334622,  0.115086, -0.456124,  0.520926
 -0.047461, -1.945877, -0.054816, -0.526832,  0.474312
 -0.047217, -2.321322,  0.413518, -0.574122,  0.422985
 -0.046973, -2.578445,  0.997502, -0.604523,  0.368852
 -0.046729, -2.394926,  1.089178, -0.624161,  0.307494
 -0.046484, -1.460163,  0.655397, -0.634924,  0.232769
 -0.046240, -0.195559,  0.112437, -0.633594,  0.142518
 -0.045996,  0.473844, -0.207584, -0.614097,  0.041088
 -0.045752,  0.156419, -0.182342, -0.571232, -0.062854
 -0.045508, -0.483092,  0.224622, -0.503755, -0.161126
 -0.045264, -0.400945,  0.778837, -0.415536, -0.249842
 -0.045020,  0.722692,  0.876028, -0.314586, -0.329848
 -0.044775,  2.136364,  0.126665, -0.210377, -0.404025
 -0.044531,  2.722617, -1.054973, -0.110217, -0.473572
 -0.044287,  2.027832, -1.852809, -0.016051, -0.535647
 -0.044043,  0.670673, -1.925606,  0.076384, -0.583768
 -0.043799, -0.203768, -1.522225,  0.174683, -0.610745
 -0.043555,  0.062295, -0.914994,  0.284028, -0.612412
 -0.043311,  1.069579, -0.218283,  0.401826, -0.589801
 -0.043067,  1.820163,  0.274820,  0.516510, -0.548298
 -0.042822,  1.770854,  0.141111,  0.611890, -0.494405
 -0.042578,  1.325594, -0.560336,  0.674810, -0.432301
 -0.042334,  1.245604, -1.121123,  0.701431, -0.362377
 -0.042090,  1.748974, -0.943458,  0.698218, -0.282427
 -0.041846,  2.279910, -0.250989,  0.677044, -0.190505
 -0.041602,  2.040297,  0.208367,  0.647576, -0.087577
 -0.041358,  0.790574,  0.027254,  0.611756,  0.021621
 -0.041113, -0.688234, -0.506064,  0.563712,  0.129993
 -0.040869, -1.115969, -0.848577,  0.494851,  0.230876
 -0.040625, -0.072522, -0.780293,  0.400630,  0.320536
 -0.040381,  1.315510, -0.471076,  0.284654,  0.399020
 -0.040137,  1.498091, -0.143687,  0.157666,  0.469047
 -0.039893,  0.209457,  0.142250,  0.032307,  0.533548
 -0.039649, -1.389705,  0.430030, -0.083005,  0.592926
 -0.039404, -2.139127,  0.731398, -0.187451,  0.643149
 -0.039160, -1.917643,  0.922099, -0.286698,  0.675759
 -0.038916, -1.305447,  0.783997, -0.388113,  0.680434
 -0.038672, -0.791961,  0.337148, -0.494912,  0.649569
 -0.038428, -0.546894,  0.088609, -0.602245,  0.582807
 -0.038184, -0.627583,  0.575127, -0.697396,  0.488657
 -0.037940, -1.035891,  1.510601, -0.764566,  0.381477
 -0.037695, -1.569373,  1.751002, -0.792201,  0.274892
 -0.037451, -1.866524,  0.493403, -0.778846,  0.175349
 -0.037207, -1.720797, -1.598613, -0.733579,  0.079900
 -0.036963, -1.247402, -2.859348, -0.670308, -0.020210
 -0.036719, -0.711461, -2.260868, -0.599509, -0.132285
 -0.036475, -0.331593, -0.337260, -0.523035, -0.255712
 -0.036231, -0.275890,  1.426750, -0.435368, -0.380312
 -0.035986, -0.644992,  1.817462, -0.329752, -0.490543
 -0.035742, -1.258023,  0.724909, -0.204297, -0.573071
 -0.035498, -1.527076, -0.794325, -0.063858, -0.623154
 -0.035254, -0.876647, -1.389940,  0.082539, -0.646000
 -0.035010,  0.530250, -0.688649,  0.225718, -0.652374
 -0.034766,  1.726163,  0.363134,  0.358769, -0.651173
 -0.034522,  1.851246,  0.597646,  0.477309, -0.643373
 -0.034277,  1.004961, -0.072848,  0.578916, -0.620886
 -0.034033,  0.048264, -0.692911,  0.662692, -0.571100
 -0.033789, -0.253538, -0.527182,  0.728457, -0.484692
 -0.033545,  0.258648,  0.103115,  0.774956, -0.362266
 -0.033301,  1.235091,  0.434011,  0.797997, -0.215738
 -0.033057,  2.082245,  0.327887,  0.790565, -0.063385
 -0.032813,  2.176080,  0.277644,  0.745993,  0.078619
 -0.032568,  1.210235,  0.510928,  0.662647,  0.203060
 -0.032324, -0.425701,  0.626655,  0.546862,  0.312743
 -0.032080, -1.794248,  0.267706,  0.411584,  0.415300
 -0.031836, -2.184375, -0.226743,  0.271057,  0.515285
 -0.031592, -1.699618, -0.209145,  0.134636,  0.608729
 -0.031348, -0.970918,  0.349409,  0.003574,  0.683585
 -0.031104, -0.446652,  0.760143, -0.127167,  0.725496
 -0.030859, -0.152242,  0.574316, -0.263073,  0.725117
 -0.030615,  0.044110,  0.217844, -0.403714,  0.682664
 -0.030371,  0.232723,  0.330309, -0.539736,  0.607417
 -0.030127,  0.438895,  0.800076, -0.655257,  0.512863
 -0.029883,  0.572053,  0.972888, -0.734565,  0.410268
 -0.029639,  0.485320,  0.690926, -0.769279,  0.304072
 -0.029395,  0.203793,  0.540518, -0.761585,  0.191452
 -0.029150, -0.055244,  0.903061, -0.721509,  0.066193
 -0.028906, -0.168908,  1.214344, -0.660034, -0.075255
 -0.028662, -0.244071,  0.598374, -0.582687, -0.228785
 -0.028418, -0.389392, -0.887106, -0.487723, -0.381420
 -0.028174, -0.486465, -2.102061, -0.369668, -0.514829
 -0.027930, -0.272638, -2.095551, -0.225398, -0.612249
 -0.027686,  0.345164, -1.202295, -0.058706, -0.665628
 -0.027442,  1.046522, -0.527927,  0.119101, -0.679067
 -0.027197,  1.291217, -0.533240,  0.292317, -0.665904
 -0.026953,  0.944004, -0.641722,  0.445618, -0.640158
 -0.026709,  0.598800, -0.273153,  0.568271, -0.606957
 -0.026465,  0.986417,  0.288039,  0.656358, -0.558330
 -0.026221,  2.024329,  0.300662,  0.712378, -0.478089
 -0.025977,  2.703792, -0.475923,  0.742276, -0.353583
 -0.025733,  2.129908, -1.416438,  0.750941, -0.186765
 -0.025488,  0.599669, -1.544076,  0.738356,  0.003147
 -0.025244, -0.642114, -0.502615,  0.698818,  0.187621
 -0.025000, -0.769637,  0.907626,  0.624181,  0.342343
 -0.024756, -0.135766,  1.397214,  0.509593,  0.457761
 -0.024512,  0.452910,  0.578487,  0.358411,  0.540467
 -0.024268,  0.696326, -0.447755,  0.183241,  0.605379
 -0.024024,  0.691125, -0.142524,  0.002075,  0.664048
 -0.023779,  0.371728,  1.750566, -0.168699,  0.716049
 -0.023535, -0.354251,  3.730205, -0.320634,  0.747951
 -0.023291, -1.150938,  4.044781, -0.455005,  0.739965
 -0.023047, -1.481608,  2.550763, -0.578578,  0.676486
 -0.022803, -1.274645,  0.692698, -0.695636,  0.555046
 -0.022559, -1.016922, -0.253038, -0.801242,  0.389052
 -0.022315, -1.131705, -0.334309, -0.880298,  0.202623
 -0.022070, -1.429905, -0.281590, -0.913485,  0.019926
 -0.021826, -1.271546, -0.406900, -0.886762, -0.145205
 -0.021582, -0.329931, -0.527277, -0.798754, -0.293173
 -0.021338,  0.809451, -0.587906, -0.661564, -0.433457
 -0.021094,  1.028771, -0.894139, -0.494699, -0.573477
 -0.020850, -0.125681, -1.663969, -0.316028, -0.708708
 -0.020606, -1.761009, -2.547598, -0.135289, -0.820594
 -0.020361, -2.440643, -2.887050,  0.046331, -0.883863
 -0.020117, -1.621588, -2.540379,  0.230913, -0.878834
 -0.019873, -0.034374, -2.105296,  0.416475, -0.801332
 -0.019629,  1.262137, -2.067039,  0.592347, -0.664536
 -0.019385,  1.804795, -2.046763,  0.740345, -0.492197
 -0.019141,  1.686867, -1.316553,  0.841339, -0.307540
 -0.018897,  1.060550,  0.071856,  0.883296, -0.124114
 -0.018652,  0.048603,  1.144643,  0.865712,  0.056714
 -0.018408, -0.921397,  1.169549,  0.797779,  0.240677
 -0.018164, -1.109010,  0.665510,  0.691912,  0.431004
 -0.017920, -0.190819,  0.849354,  0.557270,  0.619868
 -0.017676,  1.071978,  2.077737,  0.397414,  0.786149
 -0.017432,  1.378738,  3.281670,  0.212911,  0.901445
 -0.017188,  0.297947,  3.209567,  0.006410,  0.941581
 -0.016943, -1.170370,  1.922335, -0.213343,  0.897456
 -0.016699, -1.665354,  0.680754, -0.430644,  0.779111
 -0.016455, -0.956805,  0.443862, -0.625107,  0.610475
 -0.016211, -0.153959,  0.823368, -0.775846,  0.417523
 -0.015967, -0.410930,  0.663097, -0.866285,  0.216644
 -0.015723, -1.619231, -0.531929, -0.888240,  0.010241
 -0.015479, -2.582104, -2.001762, -0.843533, -0.207671
 -0.015234, -2.392044, -2.558276, -0.741802, -0.439362
 -0.014990, -1.308174, -1.808034, -0.595217, -0.672577
 -0.014746, -0.185756, -0.537178, -0.413309, -0.878252
 -0.014502,  0.572446, -0.015691, -0.201460, -1.018859
 -0.014258,  1.152876, -0.832230,  0.035926, -1.063006
 -0.014014,  1.686985, -2.203379,  0.290014, -0.998181
 -0.013770,  1.968310, -2.553257,  0.543884, -0.834850
 -0.013525,  1.829197, -1.096406,  0.773341, -0.600436
 -0.013281,  1.464048,  1.195666,  0.952003, -0.327403
 -0.013037,  1.261942,  2.478168,  1.058066, -0.042289
 -0.012793,  1.418873,  1.850576,  1.079471,  0.238953
 -0.012549,  1.728508,  0.150541,  1.015399,  0.507893
 -0.012305,  1.746795, -0.914157,  0.874135,  0.755542
 -0.012061,  1.259620, -0.320521,  0.669046,  0.964493
 -0.011817,  0.568743,  1.356361,  0.415009,  1.106560
 -0.011572,  0.098963,  2.466208,  0.127083,  1.148591
 -0.011328, -0.270521,  1.899754, -0.178180,  1.064876
 -0.011084, -1.094800,  0.221305, -0.480110,  0.850575
 -0.010840, -2.403965, -0.989725, -0.752369,  0.529009
 -0.010596, -3.247547, -0.856164, -0.964539,  0.147855
 -0.010352, -2.620964,  0.043380, -1.087092, -0.235057
 -0.010108, -0.741357,  0.575651, -1.098179, -0.569465
 -0.009863,  0.976041,  0.254635, -0.989771, -0.824359
 -0.009619,  1.309790, -0.562450, -0.771032, -0.987696
 -0.009375,  0.403113, -1.274179, -0.467709, -1.056123
 -0.009131, -0.550221, -1.579848, -0.117567, -1.023524
 -0.008887, -0.629276, -1.569548,  0.236720, -0.877950
 -0.008643, -0.004083, -1.444762,  0.554736, -0.610488
 -0.008399,  0.542984, -1.228984,  0.803181, -0.231112
 -0.008154,  0.634319, -0.794479,  0.957363,  0.218914
 -0.007910,  0.559107, -0.098995,  1.000261,  0.667095
 -0.007666,  0.633637,  0.733498,  0.921627,  1.024295
 -0.007422,  0.735823,  1.542230,  0.719659,  1.208316
 -0.007178,  0.621431,  2.178795,  0.405822,  1.167313
 -0.006934,  0.344758,  2.400368,  0.010468,  0.895481
 -0.006690,  0.097830,  1.936132, -0.414966,  0.437312
 -0.006445, -0.119721,  0.845211, -0.802542, -0.119805
 -0.006201, -0.354096, -0.332769, -1.079467, -0.662592
 -0.005957, -0.408597, -1.014558, -1.183991, -1.074493
 -0.005713, -0.111742, -1.080009, -1.081347, -1.258564
 -0.005469,  0.223571, -0.760881, -0.775619, -1.156554
 -0.005225,  0.140310, -0.200193, -0.314362, -0.764706
 -0.004981, -0.097454,  0.581579,  0.216008, -0.149996
 -0.004736,  0.396495,  1.383840,  0.704156,  0.536411
 -0.004492,  1.821520,  1.794326,  1.034880,  1.069901
 -0.004248,  3.012460,  1.517524,  1.113637,  1.218731
 -0.004004,  2.631277,  0.658773,  0.892078,  0.869149
 -0.003760,  0.738038, -0.311756,  0.393887,  0.144913
 -0.003516, -1.350972, -0.903204, -0.263827, -0.592357
 -0.003272, -2.531532, -0.987362, -0.871913, -0.926748
 -0.003027, -2.695641, -0.806795, -1.182456, -0.669066
 -0.002783, -2.213472, -0.558518, -1.024553, -0.019164
 -0.002539, -1.297911, -0.149256, -0.435253,  0.558411
 -0.002295, -0.138664,  0.434877,  0.298269,  0.680698
 -0.002051,  0.751308,  0.760981,  0.768636,  0.334497
 -0.001807,  0.849317,  0.432520,  0.708050, -0.143960
 -0.001563,  0.262529, -0.122022,  0.194033, -0.375029
 -0.001318, -0.349552,  0.056219, -0.387684, -0.246362
 -0.001074, -0.535582,  1.129800, -0.627791,  0.041480
 -0.000830, -0.415131,  1.910931, -0.403610,  0.202002
 -0.000586, -0.287378,  1.150619,  0.049301,  0.124171
 -0.000342, -0.206145, -0.798545,  0.361279, -0.067502
 -0.000098, -0.017916, -2.232207,  0.339642, -0.171826
  0.000146,  0.355301, -2.105471,  0.092329, -0.106711
  0.000391,  0.748436, -1.181759, -0.118412,  0.039596
  0.000635,  0.866073, -0.854239, -0.125365,  0.118915
  0.000879,  0.577551, -1.347905,  0.024797,  0.064981
  0.001123,  0.071257, -1.673751,  0.161634, -0.064028
  0.001367, -0.300286, -1.176896,  0.168645, -0.157958
  0.001611, -0.304821, -0.447763,  0.073633, -0.154929
  0.001855, -0.019032, -0.412691, -0.008896, -0.079097
  0.002100,  0.204085, -0.983852,  0.000622, -0.000706
  0.002344,  0.037867, -1.150303,  0.083074,  0.028376
  0.002588, -0.469153, -0.268029,  0.157738,  0.005613
  0.002832, -0.891788,  1.218909,  0.164565, -0.037720
  0.003076, -0.836204,  2.346721,  0.109961, -0.069924
  0.003320, -0.363267,  2.523073,  0.046066, -0.077860
  0.003564,  0.049937,  1.754539,  0.018043, -0.064160
  0.003808,  0.036986,  0.402552,  0.031773, -0.036729
  0.004053, -0.267280, -0.902833,  0.062371, -0.004285
  0.004297, -0.477933, -1.341457,  0.083707,  0.022205
  0.004541, -0.445163, -0.501542,  0.087836,  0.030935
  0.004785, -0.316370,  0.947882,  0.082179,  0.017095
  0.005029, -0.242948,  1.638547,  0.075576, -0.009653
  0.005273, -0.177709,  0.885158,  0.069983, -0.027710
  0.005517,  0.073859, -0.549674,  0.063203, -0.017257
  0.005762,  0.603507, -1.369971,  0.055422,  0.024693
  0.006006,  1.171519, -1.223257,  0.050633,  0.080264
  0.006250,  1.365945, -0.888036,  0.051818,  0.121513
  0.006494,  1.080345, -1.091641,  0.056034,  0.128193
  0.006738,  0.650706, -1.584499,  0.055277,  0.099841
  0.006982,  0.388460, -1.534873,  0.042698,  0.054668
  0.007226,  0.177057, -0.606198,  0.018516,  0.017396
  0.007471, -0.257320,  0.592561, -0.009512,  0.004786
  0.007715, -0.818308,  1.163128, -0.031176,  0.017478
  0.007959, -1.079682,  0.869445, -0.040247,  0.041547
  0.008203, -0.855264,  0.261462, -0.037798,  0.057434
  0.008447, -0.468931, -0.050481, -0.030812,  0.050794
  0.008691, -0.353212,  0.045569, -0.027640,  0.019988
  0.008935, -0.525097,  0.345737, -0.033160, -0.022997
  0.009180, -0.601379,  0.747780, -0.046128, -0.058579
  0.009424, -0.333300,  1.260460, -0.059906, -0.069970
  0.009668,  0.014550,  1.732499, -0.066099, -0.052738
  0.009912, -0.004074,  1.861820, -0.059266, -0.017978
  0.010156, -0.345776,  1.547501, -0.040322,  0.013479
  0.010400, -0.440141,  1.046117, -0.016769,  0.023081
  0.010644,  0.007594,  0.656836,  0.000580,  0.005712
  0.010889,  0.455029,  0.357073,  0.002897, -0.027065
  0.011133,  0.162297, -0.106204, -0.012120, -0.054030
  0.011377, -0.694652, -0.767596, -0.038978, -0.057345
  0.011621, -1.090696, -1.231876, -0.067199, -0.033395
  0.011865, -0.513311, -1.052089, -0.086725,  0.005326
  0.012109,  0.302100, -0.299383, -0.093016,  0.038114
  0.012353,  0.412933,  0.376463, -0.089033,  0.048478
  0.012598, -0.052477,  0.327628, -0.082840,  0.033423
  0.012842, -0.221499, -0.459233, -0.082160,  0.004460
  0.013086,  0.266083, -1.311739, -0.089279, -0.019736
  0.013330,  0.902641, -1.439826, -0.099720, -0.024385
  0.013574,  1.065450, -0.606247, -0.105519, -0.006998
  0.013818,  0.707414,  0.646535, -0.100670,  0.021541
  0.014062,  0.331609,  1.396201, -0.085012,  0.043557
  0.014307,  0.478440,  1.112186, -0.064315,  0.044918
  0.014551,  1.167083,  0.178014, -0.047031,  0.023296
  0.014795,  1.772151, -0.440424, -0.039801, -0.010202
  0.015039,  1.604127, -0.217204, -0.043942, -0.036969
  0.015283,  0.657669,  0.348087, -0.054347, -0.041305
  0.015527, -0.360725,  0.433058, -0.061473, -0.019650
  0.015771, -0.724174,  0.053218, -0.055996,  0.016712
  0.016016, -0.246995, -0.003093, -0.034327,  0.047450
  0.016260,  0.746533,  0.514238, -0.001855,  0.054607
  0.016504,  1.727009,  0.750068,  0.028855,  0.033173
  0.016748,  2.173968, -0.065257,  0.044917, -0.005637
  0.016992,  1.753276, -1.371694,  0.041202, -0.040729
  0.017236,  0.564342, -1.828238,  0.024104, -0.053522
  0.017480, -0.784097, -0.901075,  0.007865, -0.038812
  0.017725, -1.552236,  0.559921,  0.005567, -0.007454
  0.017969, -1.461998,  1.295161,  0.020808,  0.020591
  0.018213, -0.910953,  0.859512,  0.045550,  0.028227
  0.018457, -0.595531, -0.186359,  0.065404,  0.010876
  0.018701, -0.904060, -0.993097,  0.068744, -0.021531
  0.018945, -1.558571, -1.086916,  0.053957, -0.050788
  0.019189, -1.818214, -0.552019,  0.030492, -0.060891
  0.019433, -1.204271,  0.093077,  0.013276, -0.046894
  0.019678, -0.071227,  0.273347,  0.013951, -0.017502
  0.019922,  0.729884, -0.137866,  0.034198,  0.009822
  0.020166,  0.790948, -0.723627,  0.065005,  0.018620
  0.020410,  0.565393, -1.010260,  0.092122,  0.002830
  0.020654,  0.788283, -0.895437,  0.104309, -0.029459
  0.020898,  1.582211, -0.560063,  0.099434, -0.060411
  0.021142,  2.241690, -0.222693,  0.084897, -0.072838
  0.021387,  1.968325, -0.063737,  0.072460, -0.060391
  0.021631,  0.760374, -0.123267,  0.070993, -0.030999
  0.021875, -0.617277, -0.186915,  0.081623, -0.001186
  0.022119, -1.529362, -0.025050,  0.097825,  0.014818
  0.022363, -1.981973,  0.195253,  0.109734,  0.013730
  0.022607, -2.149031,  0.026780,  0.109764,  0.003987
  0.022851, -1.913578, -0.594103,  0.096453, -0.001110
  0.023096, -1.248986, -1.066182,  0.074854,  0.007427
  0.023340, -0.645409, -0.753518,  0.053556,  0.028931
  0.023584, -0.663977,  0.248245,  0.040008,  0.054178
  0.023828, -1.218695,  1.186351,  0.036560,  0.071159
  0.024072, -1.657812,  1.369539,  0.039277,  0.071535
  0.024316, -1.510251,  0.706206,  0.040083,  0.054548
  0.024560, -0.901974, -0.237246,  0.031078,  0.027129
  0.024805, -0.228513, -0.583196,  0.008855,  0.000616
  0.025049,  0.353474,  0.184425, -0.023255, -0.014520
  0.025293,  0.936447,  1.654403, -0.056131, -0.013719
  0.025537,  1.439676,  2.697545, -0.078798, -0.000650
  0.025781,  1.464519,  2.466773, -0.083755,  0.014677
  0.026025,  0.779601,  1.236030, -0.071175,  0.021396
  0.026269, -0.216476,  0.106671, -0.049455,  0.014020
  0.026514, -0.812775, -0.174591, -0.031188, -0.004152
  0.026758, -0.723857,  0.057691, -0.026299, -0.022755
  0.027002, -0.298154, -0.036099, -0.036371, -0.030582
  0.027246, -0.044232, -0.657980, -0.053996, -0.022728
  0.027490, -0.138318, -1.082989, -0.067823, -0.004085
  0.027734, -0.376107, -0.577146, -0.069991,  0.013386
  0.027978, -0.436269,  0.588078, -0.060868,  0.018212
  0.028223, -0.129689,  1.244299, -0.048042,  0.007062
  0.028467,  0.491613,  0.518925, -0.040652, -0.012526
  0.028711,  1.114396, -1.113488, -0.043274, -0.026387
  0.028955,  1.296692, -2.115950, -0.053418, -0.022421
  0.029199,  0.891052, -1.394738, -0.063844,  0.001736
  0.029443,  0.405313,  0.506889, -0.067697,  0.036888
  0.029687,  0.601140,  1.888600, -0.062941,  0.067323
  0.029932,  1.550097,  1.593476, -0.053513,  0.079433
  0.030176,  2.392844,  0.116358, -0.046842,  0.068793
  0.030420,  2.221409, -1.025121, -0.049403,  0.041921
  0.030664,  0.974967, -0.912543, -0.062796,  0.012197
  0.030908, -0.576286, -0.022609, -0.082387, -0.007494
  0.031152, -1.471538,  0.616826, -0.099226, -0.011277
  0.031396, -1.247197,  0.657504, -0.104249, -0.002553
  0.031641, -0.318237,  0.438166, -0.092523,  0.008939
  0.031885,  0.344698,  0.136359, -0.065346,  0.013276
  0.032129,  0.133455, -0.410067, -0.029431,  0.006050
  0.032373, -0.657303, -1.126503,  0.005932, -0.009556
  0.032617, -1.283069, -1.556168,  0.032241, -0.025255
  0.032861, -1.344375, -1.370302,  0.044675, -0.032969
  0.033105, -1.021504, -0.681552,  0.043944, -0.029650
  0.033350, -0.733706,  0.117705,  0.036252, -0.018763
  0.033594, -0.713311,  0.557286,  0.030504, -0.007747
  0.033838, -0.795739,  0.254938,  0.033279, -0.003350
  0.034082, -0.580909, -0.761331,  0.044319, -0.007901
  0.034326,  0.079000, -1.861362,  0.056165, -0.018627
  0.034570,  0.786220, -2.178814,  0.059216, -0.029949
  0.034814,  0.980005, -1.330720,  0.049193, -0.036844
  0.035058,  0.610254,  0.173872,  0.031362, -0.037174
  0.035303,  0.226766,  1.253946,  0.017770, -0.032074
  0.035547,  0.362135,  1.136572,  0.019085, -0.024838
  0.035791,  1.003591,  0.093193,  0.037040, -0.019255
  0.036035,  1.669586, -0.773507,  0.063011, -0.018022
  0.036279,  1.796046, -0.664076,  0.083527, -0.021572
  0.036523,  1.111547,  0.095755,  0.088544, -0.027798
  0.036767, -0.066498,  0.595553,  0.076985, -0.033134
  0.037012, -0.951234,  0.530674,  0.056652, -0.034688
  0.037256, -1.004392,  0.437421,  0.039343, -0.032169
  0.037500, -0.464845,  0.771282,  0.034372, -0.028164
  0.037744,  0.113193,  1.236601,  0.043827, -0.026337
  0.037988,  0.609055,  1.247116,  0.061654, -0.028620
  0.038232,  1.162668,  0.754404,  0.076922, -0.033286
  0.038476,  1.499896,  0.330143,  0.079702, -0.035416
  0.038721,  1.086507,  0.444954,  0.066613, -0.029835
  0.038965, -0.049767,  0.826502,  0.042864, -0.014739
  0.039209, -1.164768,  0.731854,  0.019310,  0.006551
  0.039453, -1.540853, -0.062342,  0.005969,  0.027237
  0.039697, -1.072908, -0.797356,  0.005889,  0.041143
  0.039941, -0.127356, -0.556961,  0.013254,  0.046435
  0.040185,  0.848444,  0.571526,  0.017045,  0.046343
  0.040430,  1.497316,  1.480120,  0.007938,  0.046490
  0.040674,  1.612517,  1.192974, -0.015888,  0.050763
  0.040918,  1.216965, -0.151675, -0.047571,  0.058503
  0.041162,  0.509189, -1.475143, -0.075535,  0.064840
  0.041406, -0.315678, -1.787978, -0.089945,  0.063951
  0.041650, -1.103259, -1.054679, -0.087694,  0.053229
  0.041894, -1.631147, -0.161195, -0.073152,  0.035631
  0.042139, -1.672691, -0.072470, -0.054823,  0.018420
  0.042383, -1.253810, -0.928507, -0.040483,  0.008765
  0.042627, -0.695148, -1.890474, -0.033777,  0.008930
  0.042871, -0.308889, -1.922273, -0.033614,  0.014543
  0.043115, -0.162196, -0.769039, -0.035776,  0.017519
  0.043359, -0.171948,  0.860127, -0.035360,  0.011834
  0.043603, -0.278058,  1.996229, -0.029083, -0.002058
  0.043848, -0.462713,  2.153407, -0.016944, -0.017487
  0.044092, -0.687092,  1.512166, -0.002647, -0.026264
  0.044336, -0.794710,  0.681870,  0.007874, -0.024198
  0.044580, -0.482645,  0.263459,  0.009648, -0.013444
  0.044824,  0.365435,  0.366197,  0.001954, -0.000386
  0.045068,  1.216595,  0.538891, -0.010607,  0.008868
  0.045312,  1.171695,  0.325300, -0.020445,  0.011925
  0.045557,  0.003252, -0.238196, -0.021517,  0.010482
  0.045801, -1.410591, -0.817343, -0.013168,  0.008204
  0.046045, -2.002769, -1.225543, -0.000639,  0.008258
  0.046289, -1.634190, -1.457544,  0.008120,  0.012034
  0.046533, -1.010583, -1.495814,  0.007308,  0.019034
  0.046777, -0.706117, -1.305979, -0.003257,  0.027090
  0.047021, -0.667353, -0.926028, -0.018151,  0.032732
  0.047266, -0.632140, -0.463237, -0.029748,  0.032284
  0.047510, -0.580391, -0.030436, -0.032833,  0.023875
  0.047754, -0.550479,  0.348904, -0.027509,  0.009187
  0.047998, -0.339074,  0.755900, -0.018663, -0.006865
  0.048242,  0.232478,  1.173081, -0.012583, -0.018981
  0.048486,  0.859637,  1.348116, -0.013062, -0.025062
  0.048730,  0.923214,  1.102459, -0.019386, -0.027540
  0.048975,  0.217790,  0.700167, -0.027000, -0.031051
  0.049219, -0.651751,  0.592329, -0.030078, -0.038092
  0.049463, -0.765185,  0.815929, -0.024540, -0.046302
  0.049707,  0.200076,  0.970595, -0.010277, -0.049832
  0.049951,  1.645808,  0.824590,  0.008373, -0.043894
