# GW170104 time-1167559936.6 (s),H1_data_whitened,L1_data_whitened,H1_template_whitened,L1_template_whitened
 -0.199853, -0.713178, -0.082220, -0.102807, -0.027168
 -0.199609, -0.276971,  0.364307, -0.104857, -0.023628
 -0.199365,  0.096319,  0.551565, -0.103225, -0.019840
 -0.199121,  0.176381,  0.367239, -0.098004, -0.015652
 -0.198877, -0.048194, -0.284436, -0.089619, -0.010901
 -0.198633, -0.345585, -0.996656, -0.078803, -0.005490
 -0.198389, -0.477983, -0.993209, -0.066512,  0.000534
 -0.198144, -0.408412, -0.021709, -0.053811,  0.006946
 -0.197900, -0.290961,  1.211616, -0.041733,  0.013343
 -0.197656, -0.257521,  1.737778, -0.031146,  0.019219
 -0.197412, -0.234296,  1.307257, -0.022646,  0.024061
 -0.197168, -0.094985,  0.571502, -0.016493,  0.027488
 -0.196924,  0.054670,  0.365074, -0.012604,  0.029364
 -0.196680, -0.017051,  0.854995, -0.010593,  0.029888
 -0.196435, -0.316999,  1.413420, -0.009866,  0.029613
 -0.196191, -0.631524,  1.344352, -0.009724,  0.029379
 -0.195947, -0.825799,  0.661270, -0.009491,  0.030184
 -0.195703, -0.887132,  0.081253, -0.008617,  0.032985
 -0.195459, -0.721856,  0.298090, -0.006755,  0.038479
 -0.195215, -0.214759,  1.258872, -0.003806,  0.046915
 -0.194971,  0.428198,  2.091646,  0.000086,  0.057959
 -0.194726,  0.657944,  1.824189,  0.004575,  0.070679
 -0.194482,  0.123118,  0.317563,  0.009176,  0.083638
 -0.194238, -0.831947, -1.535154,  0.013350,  0.095108
 -0.193994, -1.373179, -2.630776,  0.016593,  0.103354
 -0.193750, -0.970187, -2.623590,  0.018503,  0.106953
 -0.193506, -0.017137, -1.989420,  0.018837,  0.105073
 -0.193262,  0.429371, -1.281321,  0.017538,  0.097654
 -0.193017, -0.256605, -0.621522,  0.014740,  0.085453
 -0.192773, -1.425357,  0.049834,  0.010749,  0.069930
 -0.192529, -1.693633,  0.593405,  0.006013,  0.053004
 -0.192285, -0.480602,  0.828605,  0.001066,  0.036712
 -0.192041,  1.255432,  0.877030, -0.003525,  0.022850
 -0.191797,  2.032357,  0.991121, -0.007227,  0.012662
 -0.191553,  1.402441,  1.100843, -0.009605,  0.006648
 -0.191308,  0.238520,  0.852899, -0.010378,  0.004526
 -0.191064, -0.408546,  0.114657, -0.009465,  0.005350
 -0.190820, -0.383140, -0.774833, -0.007005,  0.007766
 -0.190576, -0.261640, -1.276204, -0.003345,  0.010337
 -0.190332, -0.436894, -1.094372,  0.000996,  0.011865
 -0.190088, -0.740364, -0.425212,  0.005408,  0.011643
 -0.189844, -0.912920,  0.154741,  0.009278,  0.009587
 -0.189600, -0.994856,  0.121665,  0.012097,  0.006207
 -0.189355, -1.065378, -0.536843,  0.013550,  0.002439
 -0.189111, -0.951570, -1.288122,  0.013570, -0.000627
 -0.188867, -0.466814, -1.560902,  0.012355, -0.002053
 -0.188623,  0.278898, -1.258709,  0.010325, -0.001322
 -0.188379,  1.018845, -0.691402,  0.008040,  0.001489
 -0.188135,  1.595312, -0.138663,  0.006083,  0.005686
 -0.187891,  1.910005,  0.283271,  0.004941,  0.010080
 -0.187646,  1.827639,  0.452676,  0.004900,  0.013226
 -0.187402,  1.386648,  0.350083,  0.005993,  0.013732
 -0.187158,  0.957690,  0.343038,  0.007998,  0.010575
 -0.186914,  0.907655,  0.872978,  0.010497,  0.003339
 -0.186670,  1.168466,  1.668265,  0.012988, -0.007658
 -0.186426,  1.367910,  1.730670,  0.015011, -0.021388
 -0.186182,  1.311328,  0.495395,  0.016274, -0.036277
 -0.185937,  1.091441, -1.218601,  0.016739, -0.050472
 -0.185693,  0.776928, -1.846163,  0.016657, -0.062171
 -0.185449,  0.273436, -0.776595,  0.016516, -0.069938
 -0.185205, -0.432553,  0.810004,  0.016950, -0.072956
 -0.184961, -1.088363,  1.106201,  0.018585, -0.071155
 -0.184717, -1.367660, -0.302899,  0.021885, -0.065208
 -0.184473, -1.152720, -1.942279,  0.027019, -0.056384
 -0.184228, -0.559065, -2.190672,  0.033773, -0.046301
 -0.183984,  0.156180, -1.123920,  0.041542, -0.036625
 -0.183740,  0.624566, -0.142459,  0.049398, -0.028775
 -0.183496,  0.562442, -0.035481,  0.056234, -0.023693
 -0.183252,  0.162370, -0.096381,  0.060957, -0.021714
 -0.183008,  0.072215,  0.707126,  0.062690, -0.022573
 -0.182764,  0.629464,  2.174231,  0.060958, -0.025518
 -0.182519,  1.226821,  2.924157,  0.055802, -0.029519
 -0.182275,  0.918748,  2.001812,  0.047805, -0.033512
 -0.182031, -0.290117,  0.077305,  0.038016, -0.036635
 -0.181787, -1.308781, -1.223845,  0.027785, -0.038392
 -0.181543, -1.337011, -1.016624,  0.018533, -0.038738
 -0.181299, -0.850099,  0.108819,  0.011504, -0.038058
 -0.181055, -0.804244,  0.920281,  0.007549, -0.037048
 -0.180810, -1.264606,  0.780615,  0.006982, -0.036543
 -0.180566, -1.399938,  0.089179,  0.009535, -0.037308
 -0.180322, -0.722938, -0.232549,  0.014420, -0.039853
 -0.180078,  0.234180,  0.329110,  0.020477, -0.044306
 -0.179834,  0.636233,  1.298930,  0.026384, -0.050362
 -0.179590,  0.342313,  1.595113,  0.030879, -0.057319
 -0.179346, -0.093122,  0.644826,  0.032957, -0.064203
 -0.179101, -0.211706, -0.953308,  0.032010, -0.069936
 -0.178857, -0.100368, -2.025501,  0.027886, -0.073531
 -0.178613, -0.054405, -1.943506,  0.020872, -0.074265
 -0.178369, -0.141689, -0.989733,  0.011601, -0.071803
 -0.178125, -0.267999,  0.161742,  0.000915, -0.066253
 -0.177881, -0.406641,  1.014823, -0.010287, -0.058141
 -0.177637, -0.550255,  1.393942, -0.021197, -0.048319
 -0.177392, -0.590378,  1.331613, -0.031204, -0.037821
 -0.177148, -0.406204,  0.954210, -0.039942, -0.027694
 -0.176904, -0.048427,  0.415647, -0.047285, -0.018834
 -0.176660,  0.209151, -0.165720, -0.053287, -0.011852
 -0.176416,  0.087523, -0.747496, -0.058095, -0.006993
 -0.176172, -0.321653, -1.294455, -0.061854, -0.004118
 -0.175928, -0.508611, -1.636960, -0.064622, -0.002751
 -0.175683, -0.096901, -1.497847, -0.066337, -0.002179
 -0.175439,  0.588298, -0.816670, -0.066814, -0.001592
 -0.175195,  0.756524, -0.030201, -0.065807, -0.000225
 -0.174951,  0.089116,  0.212547, -0.063082,  0.002513
 -0.174707, -0.715107, -0.203866, -0.058510,  0.006948
 -0.174463, -0.628377, -0.569020, -0.052137,  0.013107
 -0.174219,  0.416533, -0.134539, -0.044227,  0.020723
 -0.173975,  1.303025,  0.817631, -0.035249,  0.029302
 -0.173730,  1.093127,  1.107454, -0.025836,  0.038201
 -0.173486,  0.237131,  0.079540, -0.016691,  0.046727
 -0.173242, -0.117047, -1.402643, -0.008486,  0.054231
 -0.172998,  0.247510, -1.776138, -0.001757,  0.060191
 -0.172754,  0.406863, -0.566919,  0.003176,  0.064262
 -0.172510, -0.275952,  1.020313,  0.006252,  0.066310
 -0.172266, -1.165983,  1.476272,  0.007670,  0.066405
 -0.172021, -1.104813,  0.606059,  0.007834,  0.064795
 -0.171777,  0.136463, -0.549381,  0.007277,  0.061839
 -0.171533,  1.503423, -1.080271,  0.006556,  0.057930
 -0.171289,  1.792560, -0.954756,  0.006153,  0.053414
 -0.171045,  0.878991, -0.530285,  0.006395,  0.048511
 -0.170801, -0.332949,  0.000185,  0.007402,  0.043282
 -0.170557, -0.932882,  0.418920,  0.009074,  0.037634
 -0.170312, -0.709473,  0.298111,  0.011120,  0.031373
 -0.170068, -0.009838, -0.443535,  0.013117,  0.024309
 -0.169824,  0.702509, -1.072165,  0.014584,  0.016374
 -0.169580,  1.068523, -0.736746,  0.015069,  0.007720
 -0.169336,  0.911576,  0.376645,  0.014220, -0.001207
 -0.169092,  0.326748,  1.057996,  0.011851, -0.009676
 -0.168848, -0.360222,  0.383233,  0.007974, -0.016746
 -0.168603, -0.833376, -1.193746,  0.002805, -0.021408
 -0.168359, -0.979210, -2.165209, -0.003249, -0.022769
 -0.168115, -0.798537, -1.394470, -0.009645, -0.020237
 -0.167871, -0.212012,  0.724823, -0.015772, -0.013672
 -0.167627,  0.803999,  2.575972, -0.021033, -0.003466
 -0.167383,  1.792602,  2.894827, -0.024929,  0.009475
 -0.167139,  1.880124,  1.948994, -0.027142,  0.023837
 -0.166894,  0.690837,  1.034985, -0.027593,  0.038078
 -0.166650, -0.934960,  0.993404, -0.026479,  0.050665
 -0.166406, -1.617629,  1.459495, -0.024268,  0.060297
 -0.166162, -0.910337,  1.505075, -0.021659,  0.066105
 -0.165918,  0.227512,  0.756495, -0.019488,  0.067768
 -0.165674,  0.523432, -0.277705, -0.018605,  0.065540
 -0.165430, -0.262397, -0.888592, -0.019720,  0.060176
 -0.165185, -1.197889, -0.890036, -0.023253,  0.052788
 -0.164941, -1.272794, -0.552947, -0.029210,  0.044640
 -0.164697, -0.484185, -0.150028, -0.037112,  0.036936
 -0.164453,  0.225163,  0.098658, -0.046010,  0.030635
 -0.164209,  0.031018, -0.094875, -0.054586,  0.026320
 -0.163965, -0.907884, -0.745780, -0.061346,  0.024153
 -0.163721, -1.670145, -1.229769, -0.064861,  0.023899
 -0.163476, -1.552748, -0.768335, -0.064015,  0.025020
 -0.163232, -0.735777,  0.594311, -0.058221,  0.026819
 -0.162988,  0.048332,  1.793255, -0.047547,  0.028598
 -0.162744,  0.388199,  1.745250, -0.032733,  0.029807
 -0.162500,  0.547353,  0.518877, -0.015093,  0.030151
 -0.162256,  0.943471, -0.678794,  0.003685,  0.029636
 -0.162012,  1.477250, -0.784134,  0.021795,  0.028553
 -0.161767,  1.507633,  0.011080,  0.037580,  0.027386
 -0.161523,  0.493025,  0.616138,  0.049773,  0.026685
 -0.161279, -1.305432,  0.395214,  0.057642,  0.026913
 -0.161035, -2.744958, -0.142681,  0.061054,  0.028318
 -0.160791, -2.616467, -0.105603,  0.060426,  0.030850
 -0.160547, -0.803880,  0.593729,  0.056595,  0.034154
 -0.160303,  1.379859,  1.120561,  0.050636,  0.037629
 -0.160058,  2.301696,  0.756950,  0.043655,  0.040557
 -0.159814,  1.581798, -0.237697,  0.036612,  0.042245
 -0.159570,  0.358857, -0.978932,  0.030197,  0.042175
 -0.159326, -0.079710, -1.002827,  0.024781,  0.040101
 -0.159082,  0.382490, -0.643961,  0.020442,  0.036090
 -0.158838,  0.885513, -0.399149,  0.017054,  0.030494
 -0.158594,  0.758060, -0.351063,  0.014411,  0.023856
 -0.158350,  0.201364, -0.389480,  0.012349,  0.016793
 -0.158105, -0.045821, -0.590043,  0.010840,  0.009870
 -0.157861,  0.424793, -1.025629,  0.010028,  0.003512
 -0.157617,  1.120980, -1.407274,  0.010206, -0.002053
 -0.157373,  1.100209, -1.304455,  0.011739, -0.006790
 -0.157129,  0.189900, -0.745715,  0.014943, -0.010810
 -0.156885, -0.568059, -0.270040,  0.019969, -0.014312
 -0.156641, -0.175955, -0.270819,  0.026699, -0.017516
 -0.156396,  0.897696, -0.613076,  0.034704, -0.020614
 -0.156152,  1.274398, -1.016743,  0.043263, -0.023760
 -0.155908,  0.556771, -1.400075,  0.051450, -0.027076
 -0.155664, -0.203711, -1.627562,  0.058279, -0.030686
 -0.155420, -0.138254, -1.319835,  0.062874, -0.034742
 -0.155176,  0.214703, -0.250685,  0.064633, -0.039441
 -0.154932, -0.150424,  1.215573,  0.063353, -0.045006
 -0.154687, -1.205247,  2.281722,  0.059280, -0.051646
 -0.154443, -2.028853,  2.333945,  0.053082, -0.059495
 -0.154199, -2.105082,  1.443006,  0.045740, -0.068551
 -0.153955, -1.777889,  0.300658,  0.038375, -0.078640
 -0.153711, -1.425524, -0.370011,  0.032057, -0.089410
 -0.153467, -0.782557, -0.359479,  0.027611, -0.100361
 -0.153223,  0.562536,  0.026442,  0.025490, -0.110906
 -0.152978,  2.273184,  0.350842,  0.025710, -0.120446
 -0.152734,  3.326881,  0.345819,  0.027870, -0.128438
 -0.152490,  3.005809,  0.003167,  0.031252, -0.134442
 -0.152246,  1.576936, -0.404749,  0.034961, -0.138156
 -0.152002, -0.007171, -0.417709,  0.038085, -0.139416
 -0.151758, -0.886991,  0.242943,  0.039849, -0.138198
 -0.151514, -0.839491,  1.213315,  0.039716, -0.134601
 -0.151269, -0.324336,  1.580785,  0.037450, -0.128842
 -0.151025, -0.073232,  0.830346,  0.033117, -0.121242
 -0.150781, -0.433625, -0.335661,  0.027039, -0.112215
 -0.150537, -0.998483, -0.623624,  0.019723, -0.102250
 -0.150293, -1.065381,  0.295654,  0.011769, -0.091871
 -0.150049, -0.532081,  1.355826,  0.003786, -0.081596
 -0.149805, -0.027427,  1.399997, -0.003689, -0.071878
 -0.149560, -0.069458,  0.463609, -0.010242, -0.063050
 -0.149316, -0.505765, -0.463246, -0.015620, -0.055281
 -0.149072, -0.894990, -0.582684, -0.019750, -0.048560
 -0.148828, -1.017370,  0.029767, -0.022738, -0.042699
 -0.148584, -0.902615,  0.639809, -0.024853, -0.037386
 -0.148340, -0.679617,  0.583651, -0.026493, -0.032251
 -0.148096, -0.454943, -0.085816, -0.028136, -0.026961
 -0.147851, -0.207105, -0.676601, -0.030279, -0.021307
 -0.147607,  0.105954, -0.684411, -0.033360, -0.015271
 -0.147363,  0.338161, -0.360366, -0.037685, -0.009045
 -0.147119,  0.295101, -0.247735, -0.043367, -0.003003
 -0.146875,  0.060839, -0.428330, -0.050281,  0.002388
 -0.146631, -0.072375, -0.601162, -0.058061,  0.006681
 -0.146387,  0.018968, -0.668676, -0.066137,  0.009578
 -0.146142,  0.164913, -0.749243, -0.073813,  0.011032
 -0.145898,  0.109317, -0.740391, -0.080379,  0.011298
 -0.145654, -0.242673, -0.383931, -0.085227,  0.010921
 -0.145410, -0.682723,  0.251291, -0.087964,  0.010656
 -0.145166, -0.787919,  0.748097, -0.088476,  0.011339
 -0.144922, -0.327444,  0.798702, -0.086949,  0.013733
 -0.144678,  0.410630,  0.421836, -0.083823,  0.018390
 -0.144433,  0.903517, -0.197753, -0.079695,  0.025539
 -0.144189,  0.999643, -0.828869, -0.075195,  0.035042
 -0.143945,  1.037573, -1.205678, -0.070853,  0.046412
 -0.143701,  1.360104, -1.167839, -0.066985,  0.058893
 -0.143457,  1.841202, -0.828562, -0.063638,  0.071589
 -0.143213,  1.937890, -0.465068, -0.060586,  0.083613
 -0.142969,  1.276866, -0.227300, -0.057395,  0.094227
 -0.142725,  0.174738, -0.042770, -0.053538,  0.102947
 -0.142480, -0.638525,  0.221511, -0.048533,  0.109595
 -0.142236, -0.813743,  0.573593, -0.042077,  0.114279
 -0.141992, -0.630756,  0.836511, -0.034156,  0.117319
 -0.141748, -0.507387,  0.770454, -0.025086,  0.119129
 -0.141504, -0.588224,  0.322686, -0.015486,  0.120093
 -0.141260, -0.783475, -0.262310, -0.006186,  0.120459
 -0.141016, -0.915634, -0.624815,  0.001926,  0.120290
 -0.140771, -0.825858, -0.565190,  0.008072,  0.119474
 -0.140527, -0.523963, -0.177197,  0.011745,  0.117786
 -0.140283, -0.226447,  0.244038,  0.012819,  0.114999
 -0.140039, -0.154774,  0.484521,  0.011601,  0.110990
 -0.139795, -0.308908,  0.606156,  0.008790,  0.105826
 -0.139551, -0.448886,  0.750279,  0.005377,  0.099802
 -0.139307, -0.297459,  0.792781,  0.002475,  0.093416
 -0.139062,  0.160299,  0.437596,  0.001135,  0.087293
 -0.138818,  0.578497, -0.282319,  0.002159,  0.082075
 -0.138574,  0.619426, -0.856818,  0.005956,  0.078291
 -0.138330,  0.449075, -0.834395,  0.012473,  0.076244
 -0.138086,  0.606502, -0.327967,  0.021195,  0.075925
 -0.137842,  1.236213,  0.213732,  0.031238,  0.076981
 -0.137598,  1.712845,  0.579550,  0.041494,  0.078745
 -0.137353,  1.330865,  0.912216,  0.050819,  0.080311
 -0.137109,  0.233042,  1.381095,  0.058220,  0.080669
 -0.136865, -0.705285,  1.932389,  0.063005,  0.078861
 -0.136621, -0.904082,  2.250719,  0.064875,  0.074147
 -0.136377, -0.639619,  1.920960,  0.063936,  0.066151
 -0.136133, -0.492115,  0.870765,  0.060641,  0.054952
 -0.135889, -0.560041, -0.325164,  0.055658,  0.041112
 -0.135644, -0.490360, -0.899963,  0.049725,  0.025617
 -0.135400, -0.151445, -0.748048,  0.043497,  0.009752
 -0.135156,  0.091603, -0.547633,  0.037440, -0.005088
 -0.134912, -0.085711, -0.851251,  0.031786, -0.017602
 -0.134668, -0.438496, -1.271171,  0.026550, -0.026784
 -0.134424, -0.484515, -0.934076,  0.021611, -0.032071
 -0.134180, -0.229726,  0.258983,  0.016814, -0.033415
 -0.133935, -0.139386,  1.277746,  0.012070, -0.031276
 -0.133691, -0.354464,  1.132031,  0.007425, -0.026523
 -0.133447, -0.425768,  0.060355,  0.003082, -0.020280
 -0.133203, -0.079038, -0.833261, -0.000635, -0.013739
 -0.132959,  0.216531, -0.929275, -0.003368, -0.007982
 -0.132715, -0.074335, -0.639188, -0.004831, -0.003836
 -0.132471, -0.587854, -0.641328, -0.004908, -0.001804
 -0.132226, -0.394604, -1.026202, -0.003722, -0.002053
 -0.131982,  0.678386, -1.383511, -0.001643, -0.004472
 -0.131738,  1.623301, -1.422443,  0.000764, -0.008768
 -0.131494,  1.429028, -1.211916,  0.002840, -0.014565
 -0.131250,  0.310998, -0.887421,  0.003962, -0.021494
 -0.131006, -0.617425, -0.360500,  0.003672, -0.029234
 -0.130762, -0.697147,  0.516625,  0.001780, -0.037519
 -0.130517, -0.309281,  1.491868, -0.001583, -0.046091
 -0.130273, -0.149761,  1.842022, -0.005978, -0.054657
 -0.130029, -0.391386,  1.041433, -0.010723, -0.062835
 -0.129785, -0.739556, -0.487007, -0.015007, -0.070141
 -0.129541, -0.932798, -1.517653, -0.018029, -0.076027
 -0.129297, -0.885632, -1.097095, -0.019126, -0.079959
 -0.129053, -0.573520,  0.470201, -0.017885, -0.081539
 -0.128808, -0.082281,  1.749874, -0.014208, -0.080633
 -0.128564,  0.333265,  1.469373, -0.008330, -0.077472
 -0.128320,  0.460799, -0.181335, -0.000781, -0.072694
 -0.128076,  0.392870, -1.668784,  0.007691, -0.067302
 -0.127832,  0.503752, -1.683410,  0.016233, -0.062534
 -0.127588,  1.109075, -0.456653,  0.024007, -0.059659
 -0.127344,  2.007084,  0.648349,  0.030305, -0.059735
 -0.127100,  2.367724,  0.709036,  0.034646, -0.063385
 -0.126855,  1.422034,  0.096196,  0.036832, -0.070628
 -0.126611, -0.518296, -0.290233,  0.036962, -0.080828
 -0.126367, -2.029104, -0.248626,  0.035401, -0.092771
 -0.126123, -1.952091, -0.294446,  0.032722, -0.104864
 -0.125879, -0.688419, -0.584915,  0.029619, -0.115416
 -0.125635,  0.287140, -0.487290,  0.026812, -0.122958
 -0.125391,  0.168406,  0.478170,  0.024965, -0.126518
 -0.125146, -0.400981,  1.738722,  0.024603, -0.125791
 -0.124902, -0.390167,  2.196272,  0.026065, -0.121183
 -0.124658,  0.303606,  1.472665,  0.029472, -0.113695
 -0.124414,  0.930935,  0.255629,  0.034714, -0.104696
 -0.124170,  0.871854, -0.504932,  0.041462, -0.095624
 -0.123926,  0.131262, -0.463074,  0.049195, -0.087677
 -0.123682, -0.846639, -0.016254,  0.057242, -0.081587
 -0.123437, -1.461020,  0.160863,  0.064840, -0.077493
 -0.123193, -1.272445, -0.276670,  0.071197, -0.074968
 -0.122949, -0.391799, -1.038654,  0.075572, -0.073171
 -0.122705,  0.526668, -1.472759,  0.077344, -0.071099
 -0.122461,  0.852306, -1.150053,  0.076090, -0.067870
 -0.122217,  0.513051, -0.138986,  0.071637, -0.062979
 -0.121973, -0.023066,  1.144885,  0.064106, -0.056461
 -0.121728, -0.221152,  2.116325,  0.053920, -0.048908
 -0.121484,  0.026852,  2.186400,  0.041785, -0.041362
 -0.121240,  0.346514,  1.160746,  0.028623, -0.035071
 -0.120996,  0.365532, -0.409185,  0.015475, -0.031184
 -0.120752,  0.161135, -1.503127,  0.003374, -0.030451
 -0.120508,  0.101673, -1.474684, -0.006788, -0.032995
 -0.120264,  0.384534, -0.664726, -0.014384, -0.038211
 -0.120019,  0.877241, -0.106813, -0.019132, -0.044834
 -0.119775,  1.287932, -0.524142, -0.021141, -0.051143
 -0.119531,  1.378330, -1.609476, -0.020885, -0.055280
 -0.119287,  1.091772, -2.336762, -0.019125, -0.055601
 -0.119043,  0.538798, -1.930689, -0.016792, -0.050988
 -0.118799, -0.135015, -0.517918, -0.014846, -0.041064
 -0.118555, -0.767334,  1.007932, -0.014140, -0.026257
 -0.118310, -1.039959,  1.673925, -0.015314, -0.007711
 -0.118066, -0.614661,  1.146216, -0.018736,  0.012939
 -0.117822,  0.324530, -0.046030, -0.024486,  0.033863
 -0.117578,  0.907678, -0.973844, -0.032386,  0.053367
 -0.117334,  0.386543, -1.082806, -0.042067,  0.070157
 -0.117090, -0.943739, -0.596953, -0.053051,  0.083520
 -0.116846, -2.000622, -0.172946, -0.064838,  0.093367
 -0.116601, -2.077913, -0.188607, -0.076986,  0.100159
 -0.116357, -1.413919, -0.445723, -0.089158,  0.104736
 -0.116113, -0.648133, -0.505744, -0.101148,  0.108086
 -0.115869, -0.127848, -0.180543, -0.112871,  0.111132
 -0.115625,  0.157337,  0.284024, -0.124321,  0.114558
 -0.115381,  0.281245,  0.475623, -0.135510,  0.118719
 -0.115137,  0.280439,  0.322224, -0.146397,  0.123649
 -0.114892,  0.273566,  0.226457, -0.156819,  0.129148
 -0.114648,  0.394272,  0.549688, -0.166449,  0.134920
 -0.114404,  0.490655,  1.140330, -0.174782,  0.140708
 -0.114160,  0.171022,  1.573592, -0.181171,  0.146400
 -0.113916, -0.627170,  1.658154, -0.184899,  0.152057
 -0.113672, -1.359448,  1.497040, -0.185278,  0.157875
 -0.113428, -1.402507,  1.251438, -0.181774,  0.164075
 -0.113183, -0.676643,  1.064599, -0.174110,  0.170774
 -0.112939,  0.349578,  1.080818, -0.162356,  0.177868
 -0.112695,  1.022502,  1.336019, -0.146964,  0.184964
 -0.112451,  0.892209,  1.622343, -0.128753,  0.191403
 -0.112207,  0.111717,  1.568469, -0.108830,  0.196358
 -0.111963, -0.543486,  1.009322, -0.088465,  0.198990
 -0.111719, -0.418397,  0.302019, -0.068929,  0.198642
 -0.111475,  0.228307,  0.017166, -0.051329,  0.194994
 -0.111230,  0.501682,  0.177275, -0.036451,  0.188167
 -0.110986,  0.014201,  0.116077, -0.024657,  0.178724
 -0.110742, -0.564382, -0.639703, -0.015833,  0.167580
 -0.110498, -0.337790, -1.594119, -0.009427,  0.155827
 -0.110254,  0.616206, -1.771567, -0.004538,  0.144515
 -0.110010,  1.261474, -0.989147, -0.000075,  0.134441
 -0.109766,  0.900994, -0.245537,  0.005066,  0.125989
 -0.109521,  0.075630, -0.498919,  0.011825,  0.119062
 -0.109277, -0.171018, -1.318013,  0.020831,  0.113113
 -0.109033,  0.319400, -1.365157,  0.032318,  0.107276
 -0.108789,  0.681156, -0.199590,  0.046113,  0.100571
 -0.108545,  0.274061,  1.110910,  0.061691,  0.092125
 -0.108301, -0.454399,  1.373180,  0.078298,  0.081371
 -0.108057, -0.611225,  0.610154,  0.095095,  0.068183
 -0.107812, -0.010856, -0.318568,  0.111316,  0.052896
 -0.107568,  0.673857, -0.901814,  0.126392,  0.036243
 -0.107324,  0.784267, -1.284186,  0.140023,  0.019187
 -0.107080,  0.384410, -1.634673,  0.152190,  0.002717
 -0.106836,  0.054683, -1.730402,  0.163109, -0.012365
 -0.106592,  0.166596, -1.296919,  0.173128, -0.025605
 -0.106348,  0.496892, -0.491304,  0.182609, -0.036986
 -0.106103,  0.548936,  0.199225,  0.191810, -0.046917
 -0.105859,  0.192813,  0.506901,  0.200797, -0.056133
 -0.105615, -0.107196,  0.626338,  0.209401, -0.065533
 -0.105371,  0.151035,  0.782443,  0.217230, -0.075986
 -0.105127,  0.743882,  0.724437,  0.223739, -0.088154
 -0.104883,  0.828546,  0.017565,  0.228330, -0.102359
 -0.104639, -0.031664, -1.121652,  0.230469, -0.118525
 -0.104394, -1.247214, -1.740187,  0.229789, -0.136201
 -0.104150, -1.814852, -1.197848,  0.226154, -0.154649
 -0.103906, -1.325261, -0.015541,  0.219678, -0.172983
 -0.103662, -0.245091,  0.686273,  0.210690, -0.190326
 -0.103418,  0.550260,  0.486040,  0.199652, -0.205950
 -0.103174,  0.419686,  0.044816,  0.187049, -0.219384
 -0.102930, -0.615302,  0.151474,  0.173281, -0.230463
 -0.102685, -1.885039,  0.716120,  0.158589, -0.239322
 -0.102441, -2.545647,  0.958505,  0.143024, -0.246333
 -0.102197, -2.126383,  0.457772,  0.126487, -0.252015
 -0.101953, -0.752147, -0.308424,  0.108815, -0.256913
 -0.101709,  0.933821, -0.571674,  0.089900, -0.261493
 -0.101465,  2.032336, -0.175956,  0.069813, -0.266046
 -0.101221,  1.920557,  0.324312,  0.048881, -0.270634
 -0.100976,  0.820386,  0.316404,  0.027716, -0.275079
 -0.100732, -0.273621, -0.286995,  0.007157, -0.278983
 -0.100488, -0.435967, -0.999232, -0.011855, -0.281795
 -0.100244,  0.394257, -1.188134, -0.028453, -0.282891
 -0.100000,  1.388996, -0.640343, -0.042024, -0.281674
 -0.099756,  1.525059,  0.257858, -0.052365, -0.277662
 -0.099512,  0.496239,  0.925472, -0.059761, -0.270565
 -0.099267, -0.884634,  1.069682, -0.064968, -0.260325
 -0.099023, -1.358833,  0.708083, -0.069108, -0.247136
 -0.098779, -0.471035, -0.051363, -0.073465, -0.231419
 -0.098535,  0.955067, -1.006431, -0.079255, -0.213770
 -0.098291,  1.678667, -1.754910, -0.087382, -0.194882
 -0.098047,  1.239834, -1.858354, -0.098258, -0.175454
 -0.097803,  0.196017, -1.195291, -0.111697, -0.156087
 -0.097558, -0.612754, -0.129857, -0.126935, -0.137192
 -0.097314, -0.754174,  0.721024, -0.142755, -0.118919
 -0.097070, -0.315887,  1.015697, -0.157703, -0.101125
 -0.096826,  0.291895,  1.001247, -0.170360, -0.083394
 -0.096582,  0.657950,  1.134698, -0.179613, -0.065118
 -0.096338,  0.723983,  1.432022, -0.184862, -0.045627
 -0.096094,  0.729635,  1.503033, -0.186147, -0.024353
 -0.095850,  0.719932,  1.211875, -0.184130, -0.001003
 -0.095605,  0.427512,  0.859357, -0.179971,  0.024312
 -0.095361, -0.192843,  0.615539, -0.175101,  0.051010
 -0.095117, -0.696847,  0.234340, -0.170936,  0.078075
 -0.094873, -0.702089, -0.421529, -0.168610,  0.104181
 -0.094629, -0.429630, -0.897504, -0.168757,  0.127905
 -0.094385, -0.358147, -0.552562, -0.171405,  0.147980
 -0.094141, -0.484687,  0.568540, -0.175979,  0.163533
 -0.093896, -0.335224,  1.520600, -0.181439,  0.174284
 -0.093652,  0.199547,  1.289965, -0.186490,  0.180630
 -0.093408,  0.411370, -0.190435, -0.189847,  0.183635
 -0.093164, -0.437448, -1.919744, -0.190479,  0.184881
 -0.092920, -1.956450, -2.654865, -0.187796,  0.186234
 -0.092676, -2.774674, -1.885700, -0.181733,  0.189554
 -0.092432, -2.067811, -0.247579, -0.172727,  0.196388
 -0.092187, -0.542693,  0.957864, -0.161585,  0.207721
 -0.091943,  0.406421,  0.935398, -0.149295,  0.223807
 -0.091699,  0.244104,  0.193524, -0.136792,  0.244134
 -0.091455, -0.298822, -0.083132, -0.124767,  0.267503
 -0.091211, -0.196837,  0.543272, -0.113529,  0.292225
 -0.090967,  0.754452,  1.314816, -0.102962,  0.316386
 -0.090723,  1.773934,  1.275544, -0.092584,  0.338134
 -0.090478,  1.899889,  0.368422, -0.081681,  0.355941
 -0.090234,  0.931204, -0.566298, -0.069505,  0.368780
 -0.089990, -0.378941, -0.674832, -0.055473,  0.376208
 -0.089746, -1.042752,  0.096971, -0.039334,  0.378335
 -0.089502, -0.730990,  0.943784, -0.021269,  0.375711
 -0.089258,  0.060717,  0.927427, -0.001892,  0.369147
 -0.089014,  0.616210, -0.137132,  0.017834,  0.359529
 -0.088769,  0.598081, -1.475964,  0.036763,  0.347648
 -0.088525,  0.112810, -2.048107,  0.053772,  0.334081
 -0.088281, -0.517571, -1.476497,  0.067968,  0.319147
 -0.088037, -0.908489, -0.368916,  0.078866,  0.302924
 -0.087793, -0.748801,  0.266010,  0.086482,  0.285312
 -0.087549, -0.045555,  0.026855,  0.091343,  0.266137
 -0.087305,  0.739838, -0.424149,  0.094402,  0.245252
 -0.087060,  0.968359, -0.065436,  0.096871,  0.222612
 -0.086816,  0.412079,  1.235885,  0.100024,  0.198325
 -0.086572, -0.439647,  2.367922,  0.104977,  0.172650
 -0.086328, -0.814837,  2.119268,  0.112511,  0.145958
 -0.086084, -0.430333,  0.616792,  0.122943,  0.118678
 -0.085840,  0.270532, -0.737809,  0.136081,  0.091226
 -0.085596,  0.635974, -0.853992,  0.151261,  0.063964
 -0.085351,  0.467444, -0.049413,  0.167451,  0.037174
 -0.085107,  0.171086,  0.652211,  0.183416,  0.011062
 -0.084863,  0.289952,  0.795183,  0.197907, -0.014226
 -0.084619,  0.883731,  0.628424,  0.209841, -0.038572
 -0.084375,  1.410097,  0.419827,  0.218444, -0.061882
 -0.084131,  1.280681,  0.187702,  0.223340, -0.084082
 -0.083887,  0.512457, -0.106234,  0.224569, -0.105150
 -0.083642, -0.252887, -0.460726,  0.222536, -0.125161
 -0.083398, -0.409532, -0.780646,  0.217910, -0.144321
 -0.083154, -0.018797, -0.816433,  0.211480, -0.162991
 -0.082910,  0.268657, -0.427252,  0.204027, -0.181660
 -0.082666, -0.107356,  0.055295,  0.196200, -0.200884
 -0.082422, -1.044746,  0.054407,  0.188447, -0.221175
 -0.082178, -1.839917, -0.560141,  0.181001, -0.242882
 -0.081933, -1.833268, -1.242320,  0.173909, -0.266069
 -0.081689, -1.109146, -1.312376,  0.167102, -0.290429
 -0.081445, -0.508223, -0.593441,  0.160487, -0.315262
 -0.081201, -0.712721,  0.444561,  0.154022, -0.339520
 -0.080957, -1.317438,  1.009198,  0.147775, -0.361938
 -0.080713, -1.159900,  0.580243,  0.141938, -0.381224
 -0.080469,  0.248366, -0.571091,  0.136789, -0.396269
 -0.080225,  1.947538, -1.515315,  0.132627, -0.406336
 -0.079980,  2.503973, -1.493033,  0.129660, -0.411195
 -0.079736,  1.561262, -0.588774,  0.127909, -0.411147
 -0.079492,  0.129356,  0.445183,  0.127114, -0.406956
 -0.079248, -0.511727,  0.903396,  0.126694, -0.399680
 -0.079004,  0.033232,  0.626486,  0.125752, -0.390456
 -0.078760,  1.040887, -0.023937,  0.123160, -0.380280
 -0.078516,  1.414970, -0.543396,  0.117688, -0.369822
 -0.078271,  0.804059, -0.720816,  0.108184, -0.359345
 -0.078027, -0.013105, -0.751790,  0.093757, -0.348703
 -0.077783, -0.053991, -0.823492,  0.073942, -0.337443
 -0.077539,  0.671011, -0.696127,  0.048815, -0.324974
 -0.077295,  1.231905,  0.013208,  0.019028, -0.310736
 -0.077051,  0.982420,  1.175055, -0.014248, -0.294370
 -0.076807,  0.218920,  2.076813, -0.049453, -0.275798
 -0.076562, -0.480950,  2.054317, -0.084850, -0.255243
 -0.076318, -1.016334,  1.085963, -0.118764, -0.233153
 -0.076074, -1.420941, -0.171793, -0.149811, -0.210084
 -0.075830, -1.253970, -0.865912, -0.177091, -0.186541
 -0.075586, -0.124570, -0.619798, -0.200293, -0.162846
 -0.075342,  1.267221,  0.099724, -0.219692, -0.139053
 -0.075098,  1.421228,  0.358682, -0.236043, -0.114929
 -0.074853, -0.239634, -0.312855, -0.250377, -0.090021
 -0.074609, -2.337968, -1.360855, -0.263748, -0.063784
 -0.074365, -2.805894, -1.761975, -0.276966, -0.035739
 -0.074121, -1.189713, -1.177044, -0.290392, -0.005625
 -0.073877,  0.853917, -0.306737, -0.303818,  0.026491
 -0.073633,  1.582256,  0.026456, -0.316469,  0.060188
 -0.073389,  1.109249, -0.156571, -0.327138,  0.094734
 -0.073144,  0.825363, -0.232174, -0.334418,  0.129211
 -0.072900,  1.306307,  0.079247, -0.336989,  0.162676
 -0.072656,  1.612713,  0.466768, -0.333905,  0.194330
 -0.072412,  0.796905,  0.645361, -0.324816,  0.223649
 -0.072168, -0.579196,  0.683718, -0.310088,  0.250443
 -0.071924, -1.047742,  0.617793, -0.290778,  0.274842
 -0.071680, -0.159308,  0.262545, -0.268487,  0.297189
 -0.071435,  0.889720, -0.344164, -0.245103,  0.317896
 -0.071191,  0.753292, -0.723564, -0.222498,  0.337277
 -0.070947, -0.492292, -0.499880, -0.202236,  0.355401
 -0.070703, -1.659433,  0.061784, -0.185340,  0.372024
 -0.070459, -1.926837,  0.332881, -0.172178,  0.386599
 -0.070215, -1.491102,  0.065458, -0.162464,  0.398389
 -0.069971, -0.933211, -0.304907, -0.155384,  0.406643
 -0.069726, -0.497624, -0.117091, -0.149792,  0.410810
 -0.069482, -0.134672,  0.769701, -0.144447,  0.410727
 -0.069238,  0.093865,  1.694266, -0.138221,  0.406729
 -0.068994, -0.027589,  1.766564, -0.130255,  0.399658
 -0.068750, -0.496901,  0.808046, -0.120023,  0.390741
 -0.068506, -0.888220, -0.413737, -0.107329,  0.381363
 -0.068262, -0.728468, -1.016479, -0.092235,  0.372775
 -0.068017, -0.101445, -0.888350, -0.074956,  0.365809
 -0.067773,  0.301400, -0.532697, -0.055769,  0.360661
 -0.067529, -0.095444, -0.211883, -0.034940,  0.356802
 -0.067285, -1.001980,  0.379554, -0.012700,  0.353052
 -0.067041, -1.426165,  1.502629,  0.010740,  0.347804
 -0.066797, -0.725961,  2.693415,  0.035152,  0.339359
 -0.066553,  0.588671,  2.987151,  0.060255,  0.326298
 -0.066308,  1.312290,  1.895428,  0.085704,  0.307808
 -0.066064,  0.810733,  0.017728,  0.111113,  0.283893
 -0.065820, -0.373471, -1.454452,  0.136107,  0.255408
 -0.065576, -1.189895, -1.805619,  0.160394,  0.223909
 -0.065332, -1.088720, -1.285505,  0.183826,  0.191349
 -0.065088, -0.291563, -0.618212,  0.206420,  0.159687
 -0.064844,  0.648767, -0.240567,  0.228338,  0.130494
 -0.064600,  1.285971, -0.087339,  0.249808,  0.104647
 -0.064355,  1.378403,  0.092611,  0.271026,  0.082178
 -0.064111,  0.925178,  0.409065,  0.292031,  0.062310
 -0.063867,  0.261886,  0.727292,  0.312617,  0.043662
 -0.063623, -0.148360,  0.773409,  0.332296,  0.024575
 -0.063379, -0.176522,  0.434971,  0.350330,  0.003482
 -0.063135, -0.044063, -0.030940,  0.365828, -0.020759
 -0.062891,  0.148027, -0.251172,  0.377899, -0.048650
 -0.062646,  0.540352, -0.159270,  0.385817, -0.079975
 -0.062402,  1.099472,  0.034514,  0.389165, -0.113884
 -0.062158,  1.437261,  0.223233,  0.387923, -0.149114
 -0.061914,  1.181238,  0.502328,  0.382480, -0.184271
 -0.061670,  0.335063,  0.865599,  0.373575, -0.218130
 -0.061426, -0.761152,  0.961967,  0.362152, -0.249869
 -0.061182, -1.633372,  0.304237,  0.349200, -0.279197
 -0.060937, -1.835039, -1.116316,  0.335558, -0.306341
 -0.060693, -1.198591, -2.428999,  0.321773, -0.331908
 -0.060449, -0.086228, -2.460179,  0.307989, -0.356655
 -0.060205,  0.797976, -0.969925,  0.293927, -0.381223
 -0.059961,  1.045108,  0.925562,  0.278929, -0.405898
 -0.059717,  0.915555,  1.806981,  0.262084, -0.430460
 -0.059473,  0.932208,  1.262836,  0.242403, -0.454168
 -0.059228,  1.199774,  0.034697,  0.219018, -0.475864
 -0.058984,  1.362916, -0.882559,  0.191376, -0.494197
 -0.058740,  1.196479, -1.061253,  0.159385, -0.507891
 -0.058496,  0.899791, -0.735597,  0.123492, -0.515998
 -0.058252,  0.702377, -0.414010,  0.084667, -0.518081
 -0.058008,  0.497974, -0.498148,  0.044298, -0.514271
 -0.057764,  0.091937, -1.057305,  0.004003, -0.505198
 -0.057519, -0.381404, -1.725028, -0.034587, -0.491816
 -0.057275, -0.537513, -1.903070, -0.070066, -0.475168
 -0.057031, -0.221540, -1.341474, -0.101440, -0.456150
 -0.056787,  0.257087, -0.490789, -0.128261, -0.435345
 -0.056543,  0.463622, -0.012387, -0.150665, -0.412944
 -0.056299,  0.309294,  0.020528, -0.169334, -0.388783
 -0.056055,  0.025392,  0.098558, -0.185367, -0.362472
 -0.055810, -0.225346,  0.418039, -0.200112, -0.333578
 -0.055566, -0.448336,  0.437296, -0.214962, -0.301815
 -0.055322, -0.581351, -0.410610, -0.231153, -0.267190
 -0.055078, -0.465933, -1.731279, -0.249597, -0.230075
 -0.054834, -0.120058, -2.328693, -0.270755, -0.191176
 -0.054590,  0.184708, -1.512134, -0.294574, -0.151424
 -0.054346,  0.250432,  0.056273, -0.320483, -0.111807
 -0.054101,  0.208290,  1.091655, -0.347468, -0.073181
 -0.053857,  0.249146,  1.082922, -0.374180, -0.036116
 -0.053613,  0.225169,  0.651556, -0.399099, -0.000810
 -0.053369, -0.127452,  0.603856, -0.420705,  0.032919
 -0.053125, -0.592553,  1.037921, -0.437656,  0.065558
 -0.052881, -0.563242,  1.549759, -0.448938,  0.097764
 -0.052637,  0.108326,  1.905326, -0.453987,  0.130202
 -0.052392,  0.722370,  2.035326, -0.452747,  0.163404
 -0.052148,  0.460105,  1.604103, -0.445676,  0.197657
 -0.051904, -0.652070,  0.287111, -0.433678,  0.232970
 -0.051660, -1.684901, -1.398526, -0.417974,  0.269080
 -0.051416, -1.705721, -2.191155, -0.399926,  0.305522
 -0.051172, -0.730289, -1.443138, -0.380836,  0.341718
 -0.050928,  0.230911,  0.002910, -0.361752,  0.377062
 -0.050683,  0.166317,  0.764611, -0.343317,  0.410989
 -0.050439, -0.905520,  0.498124, -0.325683,  0.443008
 -0.050195, -2.004895,  0.055177, -0.308509,  0.472703
 -0.049951, -2.220071,  0.228999, -0.291048,  0.499714
 -0.049707, -1.527790,  0.864308, -0.272296,  0.523699
 -0.049463, -0.703475,  1.258865, -0.251197,  0.544311
 -0.049219, -0.582906,  1.024207, -0.226835,  0.561187
 -0.048975, -1.312270,  0.355359, -0.198603,  0.573971
 -0.048730, -2.209471, -0.262050, -0.166301,  0.582352
 -0.048486, -2.445952, -0.371573, -0.130151,  0.586120
 -0.048242, -1.844252,  0.179113, -0.090723,  0.585213
 -0.047998, -0.828487,  0.957458, -0.048798,  0.579744
 -0.047754,  0.290079,  1.117458, -0.005184,  0.569982
 -0.047510,  1.540802,  0.240259,  0.039459,  0.556306
 -0.047266,  2.721155, -1.054507,  0.084751,  0.539118
 -0.047021,  3.137672, -1.655316,  0.130631,  0.518759
 -0.046777,  2.380287, -1.072517,  0.177306,  0.495427
 -0.046533,  1.068707,  0.209953,  0.225089,  0.469138
 -0.046289,  0.308256,  1.341327,  0.274177,  0.439736
 -0.046045,  0.499151,  1.789989,  0.324412,  0.406948
 -0.045801,  1.109332,  1.540570,  0.375094,  0.370486
 -0.045557,  1.530854,  0.930946,  0.424902,  0.330153
 -0.045312,  1.644027,  0.392934,  0.471969,  0.285943
 -0.045068,  1.476920,  0.207497,  0.514102,  0.238100
 -0.044824,  0.890526,  0.357754,  0.549118,  0.187119
 -0.044580, -0.039734,  0.587470,  0.575229,  0.133694
 -0.044336, -0.708989,  0.639647,  0.591381,  0.078612
 -0.044092, -0.527116,  0.467363,  0.597471,  0.022624
 -0.043848,  0.315463,  0.245990,  0.594391, -0.033678
 -0.043603,  0.980368,  0.207300,  0.583868, -0.089949
 -0.043359,  0.872346,  0.416011,  0.568131, -0.146109
 -0.043115,  0.149641,  0.631951,  0.549484, -0.202286
 -0.042871, -0.590953,  0.431067,  0.529856, -0.258686
 -0.042627, -0.847307, -0.368036,  0.510446, -0.315414
 -0.042383, -0.477956, -1.327503,  0.491530, -0.372300
 -0.042139,  0.226224, -1.635626,  0.472474, -0.428775
 -0.041894,  0.676013, -0.939865,  0.451955, -0.483822
 -0.041650,  0.464320,  0.166636,  0.428331, -0.536046
 -0.041406, -0.182076,  0.694815,  0.400079, -0.583836
 -0.041162, -0.630706,  0.219913,  0.366193, -0.625598
 -0.040918, -0.560986, -0.850324,  0.326458, -0.660003
 -0.040674, -0.186842, -1.775376,  0.281518, -0.686199
 -0.040430,  0.247485, -2.020071,  0.232744, -0.703933
 -0.040185,  0.750516, -1.527177,  0.181920, -0.713571
 -0.039941,  1.185503, -0.797427,  0.130832, -0.715994
 -0.039697,  1.075102, -0.554112,  0.080875, -0.712414
 -0.039453,  0.223944, -1.019300,  0.032753, -0.704132
 -0.039209, -0.731989, -1.611924, -0.013629, -0.692294
 -0.038965, -0.856054, -1.583571, -0.059079, -0.677688
 -0.038721,  0.026930, -0.849189, -0.104864, -0.660621
 -0.038476,  1.104230,  0.026545, -0.152348, -0.640900
 -0.038232,  1.467743,  0.554129, -0.202631, -0.617915
 -0.037988,  0.984644,  0.714721, -0.256258, -0.590802
 -0.037744,  0.156660,  0.653881, -0.313063, -0.558659
 -0.037500, -0.572487,  0.378534, -0.372174, -0.520766
 -0.037256, -1.015003, -0.086236, -0.432151, -0.476755
 -0.037012, -0.989671, -0.549148, -0.491215, -0.426698
 -0.036767, -0.434965, -0.877402, -0.547493, -0.371097
 -0.036523,  0.222369, -1.171274, -0.599237, -0.310777
 -0.036279,  0.295629, -1.511018, -0.644956, -0.246714
 -0.036035, -0.419706, -1.669138, -0.683472, -0.179854
 -0.035791, -1.393374, -1.307102, -0.713903, -0.110953
 -0.035547, -1.926026, -0.430506, -0.735609, -0.040504
 -0.035303, -1.811738,  0.527706, -0.748131,  0.031259
 -0.035058, -1.394150,  1.098032, -0.751162,  0.104259
 -0.034814, -1.061426,  1.146641, -0.744553,  0.178416
 -0.034570, -0.827962,  0.869014, -0.728348,  0.253473
 -0.034326, -0.534554,  0.541772, -0.702832,  0.328838
 -0.034082, -0.334624,  0.335616, -0.668550,  0.403508
 -0.033838, -0.623204,  0.303323, -0.626293,  0.476083
 -0.033594, -1.369396,  0.470978, -0.577024,  0.544875
 -0.033350, -1.850308,  0.866034, -0.521760,  0.608112
 -0.033105, -1.356509,  1.375302, -0.461445,  0.664174
 -0.032861, -0.057489,  1.660099, -0.396850,  0.711829
 -0.032617,  1.097882,  1.442316, -0.328532,  0.750408
 -0.032373,  1.369591,  0.872156, -0.256872,  0.779868
 -0.032129,  0.946231,  0.387307, -0.182192,  0.800740
 -0.031885,  0.590946,  0.228116, -0.104904,  0.813940
 -0.031641,  0.688397,  0.298871, -0.025663,  0.820524
 -0.031396,  0.875051,  0.440508,  0.054554,  0.821401
 -0.031152,  0.682303,  0.613145,  0.134450,  0.817109
 -0.030908,  0.260879,  0.805163,  0.212533,  0.807687
 -0.030664,  0.156454,  0.888626,  0.287317,  0.792673
 -0.030420,  0.503039,  0.648325,  0.357564,  0.771226
 -0.030176,  0.810699,  0.052092,  0.422501,  0.742348
 -0.029932,  0.573585, -0.527741,  0.481947,  0.705130
 -0.029687, -0.182548, -0.609608,  0.536306,  0.659000
 -0.029443, -0.986866, -0.202364,  0.586414,  0.603884
 -0.029199, -1.339105,  0.195513,  0.633263,  0.540279
 -0.028955, -1.021971,  0.341560,  0.677666,  0.469212
 -0.028711, -0.209722,  0.606992,  0.719932,  0.392102
 -0.028467,  0.643001,  1.299855,  0.759630,  0.310557
 -0.028223,  1.125404,  2.004173,  0.795514,  0.226137
 -0.027978,  1.172639,  2.031201,  0.825622,  0.140141
 -0.027734,  1.004521,  1.317889,  0.847537,  0.053464
 -0.027490,  0.759677,  0.467155,  0.858772, -0.033458
 -0.027246,  0.389955, -0.004626,  0.857179, -0.120585
 -0.027002,  0.026605, -0.123777,  0.841307, -0.208117
 -0.026758,  0.122726, -0.186181,  0.810619, -0.296268
 -0.026514,  0.892105, -0.310527,  0.765531, -0.385030
 -0.026269,  1.811679, -0.382992,  0.707261, -0.473968
 -0.026025,  2.062290, -0.329546,  0.637542, -0.562103
 -0.025781,  1.461757, -0.303091,  0.558279, -0.647890
 -0.025537,  0.737304, -0.550950,  0.471232, -0.729317
 -0.025293,  0.726329, -1.087462,  0.377812, -0.804077
 -0.025049,  1.326480, -1.562177,  0.279033, -0.869805
 -0.024805,  1.501258, -1.604664,  0.175602, -0.924318
 -0.024560,  0.541405, -1.300302,  0.068124, -0.965842
 -0.024316, -0.939101, -1.106020, -0.042663, -0.993165
 -0.024072, -1.651039, -1.228989, -0.155678, -1.005722
 -0.023828, -1.155148, -1.350511, -0.269399, -1.003581
 -0.023584, -0.332672, -1.151871, -0.381882, -0.987348
 -0.023340, -0.263019, -0.870368, -0.490900, -0.957992
 -0.023096, -0.919268, -0.995135, -0.594156, -0.916630
 -0.022851, -1.241653, -1.518849, -0.689518, -0.864315
 -0.022607, -0.525153, -1.876484, -0.775207, -0.801865
 -0.022363,  0.556587, -1.688078, -0.849891, -0.729788
 -0.022119,  0.663492, -1.242048, -0.912678, -0.648297
 -0.021875, -0.571450, -1.025497, -0.963008, -0.557434
 -0.021631, -2.057109, -0.969522, -1.000487, -0.457253
 -0.021387, -2.463532, -0.544240, -1.024705, -0.348039
 -0.021142, -1.560314,  0.332879, -1.035105, -0.230491
 -0.020898, -0.229757,  0.882350, -1.030922, -0.105844
 -0.020654,  0.559722,  0.303663, -1.011220,  0.024109
 -0.020410,  0.597973, -1.117126, -0.975015,  0.157076
 -0.020166,  0.348233, -2.117847, -0.921437,  0.290420
 -0.019922,  0.199396, -1.742188, -0.849921,  0.421352
 -0.019678, -0.004816, -0.241477, -0.760366,  0.547141
 -0.019433, -0.554926,  1.371177, -0.653249,  0.665311
 -0.019189, -1.197666,  2.324706, -0.529689,  0.773778
 -0.018945, -1.325330,  2.482602, -0.391455,  0.870924
 -0.018701, -0.896483,  2.111969, -0.240943,  0.955566
 -0.018457, -0.638073,  1.616810, -0.081118,  1.026859
 -0.018213, -1.018064,  1.337764,  0.084556,  1.084124
 -0.017969, -1.461905,  1.323780,  0.252222,  1.126662
 -0.017725, -1.098059,  1.344369,  0.417760,  1.153599
 -0.017480, -0.012237,  1.243391,  0.576973,  1.163796
 -0.017236,  0.859381,  1.145415,  0.725799,  1.155871
 -0.016992,  1.034845,  1.226558,  0.860547,  1.128323
 -0.016748,  1.034002,  1.447454,  0.978100,  1.079748
 -0.016504,  1.423679,  1.600420,  1.076049,  1.009103
 -0.016260,  1.919800,  1.541625,  1.152709,  0.915956
 -0.016016,  1.922444,  1.341830,  1.207003,  0.800695
 -0.015771,  1.512729,  1.173256,  1.238223,  0.664632
 -0.015527,  1.238264,  1.016469,  1.245733,  0.510010
 -0.015283,  1.099357,  0.611638,  1.228676,  0.339906
 -0.015039,  0.505945, -0.167334,  1.185805,  0.158052
 -0.014795, -0.656264, -0.993018,  1.115503, -0.031396
 -0.014551, -1.579473, -1.320503,  1.016052, -0.224094
 -0.014307, -1.491382, -0.976502,  0.886120, -0.415735
 -0.014062, -0.608738, -0.392956,  0.725395, -0.602203
 -0.013818,  0.279386, -0.120332,  0.535211, -0.779654
 -0.013574,  0.833970, -0.182754,  0.318996, -0.944503
 -0.013330,  1.238938, -0.163309,  0.082423, -1.093344
 -0.013086,  1.464075,  0.088740, -0.166832, -1.222829
 -0.012842,  1.126661,  0.180223, -0.419698, -1.329560
 -0.012598,  0.182988, -0.302510, -0.666567, -1.410049
 -0.012353, -0.799889, -1.281027, -0.898205, -1.460774
 -0.012109, -1.336577, -2.303774, -1.106519, -1.478359
 -0.011865, -1.602793, -2.940884, -1.284961, -1.459841
 -0.011621, -1.985127, -2.961721, -1.428511, -1.403006
 -0.011377, -2.360431, -2.374458, -1.533229, -1.306721
 -0.011133, -2.326734, -1.520308, -1.595555, -1.171197
 -0.010889, -2.011563, -0.973832, -1.611596, -0.998160
 -0.010644, -2.024459, -1.009888, -1.576690, -0.790875
 -0.010400, -2.503035, -1.165142, -1.485494, -0.554050
 -0.010156, -2.777682, -0.677835, -1.332699, -0.293631
 -0.009912, -2.235838,  0.532433, -1.114352, -0.016533
 -0.009668, -1.081704,  1.658332, -0.829564,  0.269644
 -0.009424,  0.051189,  1.954646, -0.482281,  0.556872
 -0.009180,  0.886609,  1.601561, -0.082742,  0.836879
 -0.008935,  1.566150,  1.382098,  0.351764,  1.101251
 -0.008691,  2.207525,  1.691278,  0.797085,  1.341453
 -0.008447,  2.806803,  2.123356,  1.223474,  1.548810
 -0.008203,  3.403711,  2.037082,  1.597799,  1.714518
 -0.007959,  3.950698,  1.398159,  1.886431,  1.829749
 -0.007715,  4.130341,  0.947842,  2.058499,  1.885941
 -0.007471,  3.662199,  1.442232,  2.089338,  1.875297
 -0.007226,  2.768111,  2.713423,  1.964023,  1.791508
 -0.006982,  2.059709,  3.630714,  1.680746,  1.630625
 -0.006738,  1.874316,  3.174859,  1.253536,  1.391991
 -0.006494,  1.861806,  1.534352,  0.713536,  1.079116
 -0.006250,  1.393117, -0.064263,  0.108123,  0.700362
 -0.006006,  0.344473, -0.688641, -0.502641,  0.269340
 -0.005762, -0.728735, -0.673853, -1.052281, -0.195068
 -0.005517, -1.243828, -1.099161, -1.476419, -0.669129
 -0.005273, -1.213234, -2.425432, -1.722409, -1.125083
 -0.005029, -1.116202, -3.894671, -1.758414, -1.532352
 -0.004785, -1.319001, -4.305636, -1.580023, -1.859111
 -0.004541, -1.748061, -3.280515, -1.212726, -2.074413
 -0.004297, -2.003149, -1.736678, -0.709317, -2.151106
 -0.004053, -1.672361, -1.039490, -0.142336, -2.069664
 -0.003808, -0.670387, -1.607529,  0.407244, -1.822593
 -0.003564,  0.599299, -2.501061,  0.863038, -1.418580
 -0.003320,  1.502056, -2.519569,  1.165507, -0.885251
 -0.003076,  1.649499, -1.448255,  1.281140, -0.269360
 -0.002832,  1.064658, -0.002563,  1.206889,  0.366389
 -0.002588, -0.010730,  1.112208,  0.969161,  0.950148
 -0.002344, -1.241227,  1.686930,  0.617794,  1.410750
 -0.002100, -2.164203,  1.803931,  0.216354,  1.689039
 -0.001855, -2.322450,  1.625999, -0.169254,  1.748552
 -0.001611, -1.646771,  1.351635, -0.481732,  1.583172
 -0.001367, -0.669618,  1.042367, -0.680975,  1.219814
 -0.001123, -0.166366,  0.526420, -0.749005,  0.715173
 -0.000879, -0.487019, -0.269392, -0.690734,  0.146850
 -0.000635, -1.278696, -1.039849, -0.530835, -0.399560
 -0.000391, -1.819869, -1.473747, -0.307633, -0.844942
 -0.000146, -1.553228, -1.707968, -0.065375, -1.129830
  0.000098, -0.469711, -2.022782,  0.153658, -1.223727
  0.000342,  0.773016, -2.244842,  0.315871, -1.128865
  0.000586,  1.220440, -1.853052,  0.400902, -0.877905
  0.000830,  0.473295, -0.669968,  0.403503, -0.526292
  0.001074, -0.753809,  0.812390,  0.332717, -0.141034
  0.001318, -1.212663,  1.873403,  0.208779,  0.211764
  0.001563, -0.409659,  2.213942,  0.058497,  0.478186
  0.001807,  0.875675,  2.095054, -0.089971,  0.624636
  0.002051,  1.477678,  1.911425, -0.212022,  0.641585
  0.002295,  1.060674,  1.746402, -0.290406,  0.542674
  0.002539,  0.276411,  1.393091, -0.317396,  0.359795
  0.002783, -0.153445,  0.775965, -0.295099,  0.135466
  0.003027, -0.194684,  0.221678, -0.234037, -0.085825
  0.003272, -0.234697,  0.201636, -0.150391, -0.265631
  0.003516, -0.368240,  0.816543, -0.062511, -0.377543
  0.003760, -0.318428,  1.536140,  0.012630, -0.410321
  0.004004,  0.017830,  1.485191,  0.062392, -0.367955
  0.004248,  0.346926,  0.253256,  0.080360, -0.267001
  0.004492,  0.389337, -1.419610,  0.066896, -0.132027
  0.004736,  0.230865, -2.097467,  0.028390,  0.009773
  0.004981,  0.154266, -1.136919, -0.024559,  0.133723
  0.005225,  0.298480,  0.513927, -0.079595,  0.221678
  0.005469,  0.536654,  1.397227, -0.125158,  0.264324
  0.005713,  0.569243,  1.201346, -0.152646,  0.261599
  0.005957,  0.162340,  0.800034, -0.157798,  0.221412
  0.006201, -0.573054,  0.785851, -0.141095,  0.157122
  0.006445, -1.165007,  0.730458, -0.107192,  0.084414
  0.006690, -1.149333,  0.105231, -0.063586,  0.018187
  0.006934, -0.457355, -0.771415, -0.018858, -0.029983
  0.007178,  0.543867, -1.196518,  0.019122, -0.053444
  0.007422,  1.290616, -1.066599,  0.044657, -0.050975
  0.007666,  1.332566, -0.863621,  0.055105, -0.026274
  0.007910,  0.615782, -0.820576,  0.051055,  0.013364
  0.008154, -0.446710, -0.595877,  0.035847,  0.058836
  0.008399, -1.270319,  0.119910,  0.014601,  0.101103
  0.008643, -1.489697,  1.023231, -0.006988,  0.132811
  0.008887, -1.060739,  1.466910, -0.023831,  0.149395
  0.009131, -0.179712,  1.128944, -0.032367,  0.149543
  0.009375,  0.703552,  0.228721, -0.031087,  0.135007
  0.009619,  0.992941, -0.738622, -0.020603,  0.109887
  0.009863,  0.459190, -1.319215, -0.003292,  0.079585
  0.010108, -0.350420, -1.331849,  0.017344,  0.049654
  0.010352, -0.555790, -0.933508,  0.037458,  0.024776
  0.010596,  0.136327, -0.380753,  0.053607,  0.008017
  0.010840,  1.188384,  0.218925,  0.063329,  0.000465
  0.011084,  1.874850,  0.766540,  0.065486,  0.001270
  0.011328,  1.903778,  0.988419,  0.060328,  0.008015
  0.011572,  1.431903,  0.732636,  0.049330,  0.017328
  0.011817,  0.766430,  0.302103,  0.034846,  0.025603
  0.012061,  0.163127,  0.131385,  0.019672,  0.029687
  0.012305, -0.240596,  0.221843,  0.006586,  0.027445
  0.012549, -0.445654,  0.188838, -0.002066,  0.018095
  0.012793, -0.542047, -0.191142, -0.004683,  0.002269
  0.013037, -0.551629, -0.678069, -0.000605, -0.018182
  0.013281, -0.311402, -0.815205,  0.009838, -0.040599
  0.013525,  0.332629, -0.458781,  0.025405, -0.062033
  0.013770,  1.117987, -0.058062,  0.044158, -0.079791
  0.014014,  1.384304, -0.250067,  0.063766, -0.091880
  0.014258,  0.809914, -1.057810,  0.081861, -0.097299
  0.014502, -0.011208, -1.658782,  0.096394, -0.096132
  0.014746, -0.162748, -1.188086,  0.105934, -0.089441
  0.014990,  0.418462,  0.237047,  0.109847, -0.079005
  0.015234,  0.795761,  1.517693,  0.108318, -0.066957
  0.015479,  0.187481,  1.727485,  0.102230, -0.055398
  0.015723, -1.084317,  1.081860,  0.092904, -0.046047
  0.015967, -1.988728,  0.512447,  0.081787, -0.039984
  0.016211, -1.893044,  0.442327,  0.070140, -0.037522
  0.016455, -1.088203,  0.389529,  0.058803, -0.038225
  0.016699, -0.358775, -0.217818,  0.048095, -0.041057
  0.016943, -0.223054, -1.237613,  0.037867, -0.044642
  0.017188, -0.560612, -1.974017,  0.027682, -0.047568
  0.017432, -0.844746, -1.908567,  0.017066, -0.048683
  0.017676, -0.726295, -1.154625,  0.005785, -0.047328
  0.017920, -0.422002, -0.309109, -0.005964, -0.043447
  0.018164, -0.408679,  0.093543, -0.017469, -0.037560
  0.018408, -0.698183,  0.008740, -0.027593, -0.030614
  0.018652, -0.709696, -0.265070, -0.034985, -0.023746
  0.018897, -0.040871, -0.568091, -0.038405, -0.018018
  0.019141,  0.934351, -0.965194, -0.037049, -0.014177
  0.019385,  1.492098, -1.325943, -0.030815, -0.012495
  0.019629,  1.350078, -1.158373, -0.020425, -0.012712
  0.019873,  0.810793, -0.181909, -0.007364, -0.014093
  0.020117,  0.333763,  1.046680,  0.006350, -0.015577
  0.020361,  0.157364,  1.520644,  0.018529, -0.015993
  0.020606,  0.177892,  0.950910,  0.027222, -0.014300
  0.020850,  0.114784,  0.173280,  0.031078, -0.009803
  0.021094, -0.121793,  0.127336,  0.029573, -0.002312
  0.021338, -0.357863,  0.735273,  0.023056,  0.007799
  0.021582, -0.519237,  1.133367,  0.012599,  0.019632
  0.021826, -0.744728,  0.830253, -0.000292,  0.031915
  0.022070, -0.999747,  0.266205, -0.014040,  0.043222
  0.022315, -0.950701,  0.233569, -0.027348,  0.052226
  0.022559, -0.452983,  0.996466, -0.039431,  0.057936
  0.022803,  0.101383,  1.995572, -0.050108,  0.059862
  0.023047,  0.185315,  2.270245, -0.059711,  0.058093
  0.023291, -0.218207,  1.291027, -0.068878,  0.053260
  0.023535, -0.585053, -0.397398, -0.078255,  0.046412
  0.023779, -0.444310, -1.477786, -0.088219,  0.038822
  0.024024,  0.156344, -1.051291, -0.098681,  0.031760
  0.024268,  0.772089,  0.479161, -0.109018,  0.026279
  0.024512,  0.988808,  1.774674, -0.118164,  0.023054
  0.024756,  0.702019,  1.759134, -0.124826,  0.022279
  0.025000,  0.128883,  0.513775, -0.127769,  0.023662
  0.025244, -0.356385, -0.875400, -0.126100,  0.026505
  0.025488, -0.507225, -1.348307, -0.119465,  0.029854
  0.025733, -0.438744, -0.817455, -0.108116,  0.032703
  0.025977, -0.473393, -0.117498, -0.092869,  0.034210
  0.026221, -0.638113, -0.074158, -0.074939,  0.033881
  0.026465, -0.492444, -0.716209, -0.055717,  0.031684
  0.026709,  0.303047, -1.353296, -0.036532,  0.028063
  0.026953,  1.368553, -1.256908, -0.018440,  0.023838
  0.027197,  1.858720, -0.293112, -0.002138,  0.020020
  0.027442,  1.349485,  0.905253,  0.012018,  0.017567
  0.027686,  0.272716,  1.416634,  0.023918,  0.017142
  0.027930, -0.549644,  0.884397,  0.033580,  0.018931
  0.028174, -0.631987, -0.152842,  0.041073,  0.022550
  0.028418, -0.055062, -0.895029,  0.046476,  0.027076
  0.028662,  0.775512, -1.018160,  0.049896,  0.031187
  0.028906,  1.354889, -0.646601,  0.051510,  0.033416
  0.029150,  1.232369, -0.005364,  0.051611,  0.032448
  0.029395,  0.363773,  0.580594,  0.050624,  0.027410
  0.029639, -0.628314,  0.682789,  0.049073,  0.018072
  0.029883, -0.914706,  0.143971,  0.047494,  0.004914
  0.030127, -0.374666, -0.676561,  0.046327, -0.010931
  0.030371,  0.165934, -1.241398,  0.045799, -0.027852
  0.030615, -0.164101, -1.313668,  0.045868, -0.044026
  0.030859, -1.216876, -0.984701,  0.046235, -0.057733
  0.031104, -1.889692, -0.417211,  0.046428, -0.067661
  0.031348, -1.335220,  0.211660,  0.045965, -0.073125
  0.031592,  0.048282,  0.618737,  0.044528, -0.074146
  0.031836,  1.019383,  0.525699,  0.042114, -0.071398
  0.032080,  0.845415, -0.032944,  0.039115, -0.066009
  0.032324,  0.046175, -0.548082,  0.036276, -0.059308
  0.032568, -0.291776, -0.374708,  0.034549, -0.052544
  0.032813,  0.219213,  0.529137,  0.034853, -0.046653
  0.033057,  0.884578,  1.326791,  0.037799, -0.042122
  0.033301,  0.821480,  1.132379,  0.043451, -0.038955
  0.033545,  0.058647,  0.079717,  0.051192, -0.036757
  0.033789, -0.498797, -0.802282,  0.059749, -0.034896
  0.034033, -0.257934, -0.770162,  0.067386, -0.032694
  0.034277,  0.242820, -0.060104,  0.072228, -0.029623
  0.034522,  0.062064,  0.598575,  0.072666, -0.025438
  0.034766, -0.793358,  0.771686,  0.067729, -0.020241
  0.035010, -1.251786,  0.516072,  0.057346, -0.014446
  0.035254, -0.490522,  0.098013,  0.042422, -0.008667
  0.035498,  0.977744, -0.260857,  0.024714, -0.003547
  0.035742,  1.742492, -0.430253,  0.006508,  0.000416
  0.035986,  0.971687, -0.362881, -0.009806,  0.003022
  0.036231, -0.649679, -0.169163, -0.022200,  0.004441
  0.036475, -1.561852, -0.120539, -0.029389,  0.005191
  0.036719, -0.949918, -0.395785, -0.031056,  0.006025
  0.036963,  0.437979, -0.826905, -0.027880,  0.007740
  0.037207,  1.259311, -1.053891, -0.021375,  0.010959
  0.037451,  1.167867, -0.919080, -0.013557,  0.015946
  0.037695,  0.992012, -0.531953, -0.006545,  0.022488
  0.037940,  1.293616, -0.002912, -0.002152,  0.029899
  0.038184,  1.393955,  0.586243, -0.001574,  0.037124
  0.038428,  0.381518,  0.976896, -0.005219,  0.042945
  0.038672, -1.276789,  0.916611, -0.012710,  0.046228
  0.038916, -1.938880,  0.622153, -0.023047,  0.046163
  0.039160, -0.759157,  0.636962, -0.034880,  0.042449
  0.039404,  1.108504,  1.047420, -0.046827,  0.035367
  0.039649,  1.702556,  1.184710, -0.057756,  0.025752
  0.039893,  0.443923,  0.420453, -0.066975,  0.014837
  0.040137, -1.314619, -0.874809, -0.074295,  0.004029
  0.040381, -1.954954, -1.545472, -0.079958, -0.005351
  0.040625, -1.311480, -0.954426, -0.084461, -0.012296
  0.040869, -0.421861,  0.194386, -0.088324, -0.016270
  0.041113, -0.032406,  0.589774, -0.091872, -0.017261
  0.041358, -0.002779, -0.203220, -0.095075, -0.015721
  0.041602, -0.031047, -1.186662, -0.097497, -0.012410
  0.041846, -0.178385, -0.979873, -0.098353, -0.008186
  0.042090, -0.433369,  0.559704, -0.096671, -0.003798
  0.042334, -0.382692,  1.997739, -0.091519,  0.000280
  0.042578,  0.204676,  1.872173, -0.082239,  0.003925
  0.042822,  0.805030,  0.380686, -0.068646,  0.007348
  0.043067,  0.655244, -0.918550, -0.051139,  0.010987
  0.043311, -0.250844, -0.991589, -0.030699,  0.015338
  0.043555, -1.064183, -0.345908, -0.008770,  0.020786
  0.043799, -1.005689, -0.060426,  0.012957,  0.027451
  0.044043, -0.162159, -0.406869,  0.032810,  0.035104
  0.044287,  0.659737, -0.813554,  0.049405,  0.043171
  0.044531,  0.740682, -0.742400,  0.061858,  0.050807
  0.044775,  0.101420, -0.102581,  0.069909,  0.057049
  0.045020, -0.610379,  0.924354,  0.073935,  0.060991
  0.045264, -0.837492,  1.970843,  0.074847,  0.061959
  0.045508, -0.579887,  2.525075,  0.073905,  0.059635
  0.045752, -0.157170,  2.282251,  0.072482,  0.054116
  0.045996,  0.214992,  1.418717,  0.071818,  0.045890
  0.046240,  0.465183,  0.356267,  0.072818,  0.035737
  0.046484,  0.479101, -0.555720,  0.075907,  0.024582
  0.046729,  0.118730, -1.032272,  0.080973,  0.013333
  0.046973, -0.533051, -0.894650,  0.087394,  0.002743
  0.047217, -1.100176, -0.343761,  0.094138, -0.006682
  0.047461, -1.212219,  0.069950,  0.099929, -0.014709
  0.047705, -0.819607, -0.042218,  0.103431, -0.021345
  0.047949, -0.168652, -0.530895,  0.103459, -0.026753
  0.048193,  0.397469, -0.923088,  0.099153, -0.031164
  0.048438,  0.576075, -0.940222,  0.090119, -0.034785
  0.048682,  0.289639, -0.733193,  0.076504, -0.037745
  0.048926, -0.129621, -0.620820,  0.058996, -0.040075
  0.049170, -0.162291, -0.681825,  0.038756, -0.041741
  0.049414,  0.309987, -0.670946,  0.017274, -0.042686
  0.049658,  0.815696, -0.341454, -0.003813, -0.042891
  0.049902,  0.886700,  0.174007, -0.022925, -0.042411
