# LVT151012 time-1128678900.44 (s),H1_data_whitened,L1_data_whitened,H1_template_whitened,L1_template_whitened
 -0.199766, -1.697093, -0.554094, -0.081786,  0.094338
 -0.199522, -1.768253, -0.326581, -0.092052,  0.102517
 -0.199277, -1.600204, -0.048204, -0.102217,  0.108042
 -0.199033, -1.253743,  0.213047, -0.111957,  0.110836
 -0.198789, -0.831594,  0.379488, -0.121070,  0.111427
 -0.198545, -0.449421,  0.394357, -0.129512,  0.110837
 -0.198301, -0.199177,  0.248556, -0.137391,  0.110345
 -0.198057, -0.118690, -0.008500, -0.144926,  0.111179
 -0.197813, -0.180493, -0.280627, -0.152375,  0.114210
 -0.197568, -0.306829, -0.455976, -0.159945,  0.119718
 -0.197324, -0.406730, -0.445165, -0.167720,  0.127288
 -0.197080, -0.418850, -0.211783, -0.175592,  0.135864
 -0.196836, -0.338877,  0.214254, -0.183248,  0.143950
 -0.196592, -0.217875,  0.742454, -0.190181,  0.149922
 -0.196348, -0.132986,  1.243612, -0.195764,  0.152373
 -0.196104, -0.145068,  1.583023, -0.199339,  0.150423
 -0.195859, -0.263059,  1.658849, -0.200332,  0.143921
 -0.195615, -0.431282,  1.436017, -0.198358,  0.133498
 -0.195371, -0.545865,  0.962968, -0.193297,  0.120451
 -0.195127, -0.494282,  0.361227, -0.185328,  0.106492
 -0.194883, -0.202494, -0.211816, -0.174909,  0.093407
 -0.194639,  0.328952, -0.613370, -0.162708,  0.082708
 -0.194395,  1.014257, -0.758689, -0.149504,  0.075337
 -0.194150,  1.701895, -0.641570, -0.136066,  0.071503
 -0.193906,  2.218529, -0.327413, -0.123046,  0.070670
 -0.193662,  2.423372,  0.075041, -0.110902,  0.071701
 -0.193418,  2.255209,  0.452311, -0.099851,  0.073122
 -0.193174,  1.755930,  0.723251, -0.089875,  0.073452
 -0.192930,  1.061285,  0.863015, -0.080764,  0.071505
 -0.192686,  0.360141,  0.904859, -0.072176,  0.066619
 -0.192441, -0.165656,  0.918168, -0.063714,  0.058752
 -0.192197, -0.400962,  0.971475, -0.055001,  0.048424
 -0.191953, -0.334907,  1.096525, -0.045729,  0.036534
 -0.191709, -0.061694,  1.269291, -0.035702,  0.024102
 -0.191465,  0.255557,  1.416787, -0.024843,  0.011989
 -0.191221,  0.443522,  1.447510, -0.013199,  0.000690
 -0.190977,  0.378177,  1.291794, -0.000920, -0.009768
 -0.190732,  0.024276,  0.932118,  0.011763, -0.019788
 -0.190488, -0.558295,  0.408733,  0.024569, -0.030034
 -0.190244, -1.241216, -0.198854,  0.037199, -0.041188
 -0.190000, -1.873814, -0.800646,  0.049375, -0.053681
 -0.189756, -2.328742, -1.319635,  0.060870, -0.067489
 -0.189512, -2.531558, -1.702724,  0.071530, -0.082030
 -0.189268, -2.468027, -1.921037,  0.081290, -0.096213
 -0.189023, -2.172498, -1.965983,  0.090162, -0.108625
 -0.188779, -1.707275, -1.846547,  0.098209, -0.117811
 -0.188535, -1.144226, -1.588769,  0.105498, -0.122590
 -0.188291, -0.555265, -1.233975,  0.112052, -0.122331
 -0.188047, -0.010152, -0.832454,  0.117809, -0.117119
 -0.187803,  0.426217, -0.434138,  0.122603, -0.107777
 -0.187559,  0.704647, -0.081499,  0.126183, -0.095727
 -0.187315,  0.809920,  0.192197,  0.128258, -0.082740
 -0.187070,  0.774808,  0.361515,  0.128587, -0.070606
 -0.186826,  0.674381,  0.409437,  0.127067, -0.060819
 -0.186582,  0.595190,  0.332995,  0.123820, -0.054343
 -0.186338,  0.591782,  0.152016,  0.119244, -0.051492
 -0.186094,  0.655427, -0.085374,  0.114009, -0.051966
 -0.185850,  0.716025, -0.307287,  0.109002, -0.055006
 -0.185606,  0.678783, -0.434875,  0.105202, -0.059642
 -0.185361,  0.475680, -0.407234,  0.103528, -0.064953
 -0.185117,  0.103497, -0.205808,  0.104661, -0.070281
 -0.184873, -0.370054,  0.131632,  0.108891, -0.075354
 -0.184629, -0.831957,  0.515671,  0.116014, -0.080281
 -0.184385, -1.165869,  0.831195,  0.125303, -0.085428
 -0.184141, -1.290406,  0.977534,  0.135564, -0.091217
 -0.183897, -1.179702,  0.906511,  0.145282, -0.097891
 -0.183652, -0.863519,  0.640208,  0.152838, -0.105323
 -0.183408, -0.412824,  0.258982,  0.156759, -0.112915
 -0.183164,  0.081396, -0.134963,  0.155963, -0.119627
 -0.182920,  0.530776, -0.460356,  0.149957, -0.124132
 -0.182676,  0.870230, -0.684684,  0.138946, -0.125089
 -0.182432,  1.072689, -0.824672,  0.123829, -0.121452
 -0.182188,  1.153384, -0.922476,  0.106079, -0.112762
 -0.181943,  1.161389, -1.012725,  0.087514, -0.099346
 -0.181699,  1.160130, -1.098177,  0.070013, -0.082367
 -0.181455,  1.201987, -1.145739,  0.055200, -0.063690
 -0.181211,  1.304276, -1.103920,  0.044182, -0.045603
 -0.180967,  1.435750, -0.932429,  0.037363, -0.030413
 -0.180723,  1.522268, -0.629278,  0.034388, -0.020018
 -0.180479,  1.474023, -0.241861,  0.034225, -0.015538
 -0.180234,  1.225400,  0.145139,  0.035368, -0.017076
 -0.179990,  0.770223,  0.441823,  0.036124, -0.023678
 -0.179746,  0.176691,  0.590745,  0.034932, -0.033500
 -0.179502, -0.424546,  0.590911,  0.030653, -0.044135
 -0.179258, -0.876409,  0.495047,  0.022772, -0.053070
 -0.179014, -1.046111,  0.381788,  0.011471, -0.058132
 -0.178770, -0.875243,  0.318325, -0.002431, -0.057884
 -0.178525, -0.409373,  0.333308, -0.017658, -0.051845
 -0.178281,  0.209377,  0.411774, -0.032740, -0.040537
 -0.178037,  0.788829,  0.510210, -0.046295, -0.025329
 -0.177793,  1.155044,  0.580268, -0.057278, -0.008133
 -0.177549,  1.213542,  0.588636, -0.065143,  0.008987
 -0.177305,  0.977757,  0.526100, -0.069894,  0.024196
 -0.177061,  0.554388,  0.406215, -0.072025,  0.036208
 -0.176816,  0.094704,  0.258318, -0.072371,  0.044463
 -0.176572, -0.264756,  0.118724, -0.071913,  0.049158
 -0.176328, -0.446761,  0.020901, -0.071574,  0.051126
 -0.176084, -0.449030, -0.015057, -0.072064,  0.051611
 -0.175840, -0.332203,  0.009544, -0.073785,  0.051983
 -0.175596, -0.190839,  0.071793, -0.076812,  0.053460
 -0.175352, -0.119371,  0.137294, -0.080944,  0.056886
 -0.175107, -0.182601,  0.176630, -0.085795,  0.062597
 -0.174863, -0.397403,  0.179575, -0.090902,  0.070398
 -0.174619, -0.728595,  0.158991, -0.095827,  0.079639
 -0.174375, -1.097977,  0.142203, -0.100216,  0.089364
 -0.174131, -1.403271,  0.155492, -0.103837,  0.098518
 -0.173887, -1.543317,  0.211734, -0.106575,  0.106149
 -0.173643, -1.445790,  0.308031, -0.108405,  0.111590
 -0.173398, -1.091969,  0.432139, -0.109359,  0.114587
 -0.173154, -0.530422,  0.570456, -0.109508,  0.115347
 -0.172910,  0.128661,  0.710347, -0.108947,  0.114515
 -0.172666,  0.741292,  0.834706, -0.107807,  0.113066
 -0.172422,  1.172590,  0.913822, -0.106269,  0.112149
 -0.172178,  1.339126,  0.904305, -0.104583,  0.112892
 -0.171934,  1.233735,  0.762706, -0.103062,  0.116208
 -0.171690,  0.922518,  0.472142, -0.102063,  0.122629
 -0.171445,  0.514957,  0.068957, -0.101933,  0.132199
 -0.171201,  0.120042, -0.349013, -0.102938,  0.144436
 -0.170957, -0.190997, -0.644962, -0.105197,  0.158383
 -0.170713, -0.397906, -0.693259, -0.108613,  0.172722
 -0.170469, -0.517512, -0.437498, -0.112849,  0.185947
 -0.170225, -0.576253,  0.071218, -0.117345,  0.196562
 -0.169981, -0.589351,  0.677330, -0.121380,  0.203270
 -0.169736, -0.559168,  1.168548, -0.124176,  0.205136
 -0.169492, -0.489382,  1.350635, -0.125026,  0.201693
 -0.169248, -0.400239,  1.119338, -0.123417,  0.192981
 -0.169004, -0.331422,  0.501064, -0.119135,  0.179527
 -0.168760, -0.330339, -0.353067, -0.112315,  0.162263
 -0.168516, -0.434742, -1.216831, -0.103427,  0.142401
 -0.168272, -0.660468, -1.862786, -0.093205,  0.121277
 -0.168027, -0.997628, -2.133339, -0.082516,  0.100193
 -0.167783, -1.410701, -1.985619, -0.072194,  0.080264
 -0.167539, -1.838536, -1.497476, -0.062884,  0.062295
 -0.167295, -2.197312, -0.834056, -0.054903,  0.046700
 -0.167051, -2.393098, -0.186987, -0.048173,  0.033477
 -0.166807, -2.346073,  0.290248, -0.042225,  0.022243
 -0.166563, -2.020154,  0.523853, -0.036291,  0.012320
 -0.166318, -1.445685,  0.521914, -0.029453,  0.002875
 -0.166074, -0.721976,  0.341886, -0.020842, -0.006929
 -0.165830,  0.007015,  0.046448, -0.009824, -0.017776
 -0.165586,  0.597720, -0.325508,  0.003843, -0.030081
 -0.165342,  0.954380, -0.758932,  0.019940, -0.043925
 -0.165098,  1.058390, -1.239150,  0.037800, -0.059069
 -0.164854,  0.968697, -1.723624,  0.056415, -0.075027
 -0.164609,  0.795603, -2.129341,  0.074614, -0.091197
 -0.164365,  0.659061, -2.346873,  0.091263, -0.107004
 -0.164121,  0.646221, -2.276995,  0.105464, -0.122037
 -0.163877,  0.783561, -1.873221,  0.116690, -0.136118
 -0.163633,  1.034129, -1.170303,  0.124847, -0.149315
 -0.163389,  1.319060, -0.285308,  0.130245, -0.161866
 -0.163145,  1.551338,  0.609827,  0.133493, -0.174054
 -0.162900,  1.666653,  1.333979,  0.135346, -0.186063
 -0.162656,  1.641162,  1.745029,  0.136540, -0.197846
 -0.162412,  1.492878,  1.776014,  0.137653, -0.209063
 -0.162168,  1.269173,  1.449680,  0.139027, -0.219101
 -0.161924,  1.027315,  0.868662,  0.140750, -0.227177
 -0.161680,  0.816947,  0.185989,  0.142713, -0.232506
 -0.161436,  0.670831, -0.433870,  0.144699, -0.234496
 -0.161191,  0.604257, -0.852372,  0.146501, -0.232909
 -0.160947,  0.618050, -0.984582,  0.148011, -0.227956
 -0.160703,  0.699449, -0.812545,  0.149281, -0.220291
 -0.160459,  0.820035, -0.382757,  0.150520, -0.210903
 -0.160215,  0.935324,  0.210058,  0.152041, -0.200925
 -0.159971,  0.990746,  0.846842,  0.154169, -0.191404
 -0.159727,  0.934216,  1.408663,  0.157133, -0.183087
 -0.159482,  0.731395,  1.797519,  0.160975, -0.176275
 -0.159238,  0.379065,  1.952945,  0.165492, -0.170780
 -0.158994, -0.087046,  1.864074,  0.170236, -0.166000
 -0.158750, -0.593145,  1.573717,  0.174570, -0.161090
 -0.158506, -1.039434,  1.169541,  0.177772, -0.155195
 -0.158262, -1.322944,  0.760576,  0.179166, -0.147674
 -0.158018, -1.366290,  0.443795,  0.178244, -0.138277
 -0.157773, -1.143878,  0.272200,  0.174763, -0.127206
 -0.157529, -0.695628,  0.238805,  0.168785, -0.115059
 -0.157285, -0.120038,  0.285241,  0.160650, -0.102661
 -0.157041,  0.455159,  0.331328,  0.150898, -0.090829
 -0.156797,  0.915982,  0.311474,  0.140143, -0.080120
 -0.156553,  1.200501,  0.202047,  0.128938, -0.070651
 -0.156309,  1.312509,  0.029336,  0.117663, -0.062022
 -0.156065,  1.301352, -0.144365,  0.106451, -0.053373
 -0.155820,  1.218537, -0.250693,  0.095182, -0.043574
 -0.155576,  1.078119, -0.248114,  0.083531, -0.031503
 -0.155332,  0.847221, -0.142183,  0.071066, -0.016343
 -0.155088,  0.473907,  0.017082,  0.057366,  0.002171
 -0.154844, -0.064748,  0.158846,  0.042132,  0.023611
 -0.154600, -0.724597,  0.222196,  0.025266,  0.046875
 -0.154356, -1.390102,  0.177158,  0.006904,  0.070351
 -0.154111, -1.907133,  0.028291, -0.012608,  0.092215
 -0.153867, -2.136163, -0.193751, -0.032772,  0.110784
 -0.153623, -2.001113, -0.441632, -0.053036,  0.124869
 -0.153379, -1.515463, -0.656343, -0.072885,  0.134035
 -0.153135, -0.780923, -0.772269, -0.091918,  0.138725
 -0.152891,  0.035601, -0.730155, -0.109898,  0.140203
 -0.152647,  0.738924, -0.499440, -0.126759,  0.140341
 -0.152402,  1.150508, -0.100983, -0.142573,  0.141269
 -0.152158,  1.154416,  0.384829, -0.157495,  0.144974
 -0.151914,  0.732905,  0.835349, -0.171692,  0.152914
 -0.151670, -0.021942,  1.125575, -0.185276,  0.165724
 -0.151426, -0.929419,  1.173603, -0.198256,  0.183083
 -0.151182, -1.771398,  0.970064, -0.210521,  0.203748
 -0.150938, -2.357228,  0.578401, -0.221847,  0.225772
 -0.150693, -2.578243,  0.107773, -0.231945,  0.246849
 -0.150449, -2.430977, -0.327286, -0.240509,  0.264721
 -0.150205, -2.001577, -0.642431, -0.247288,  0.277571
 -0.149961, -1.421580, -0.801500, -0.252135,  0.284335
 -0.149717, -0.817510, -0.814046, -0.255038,  0.284848
 -0.149473, -0.276628, -0.718415, -0.256128,  0.279834
 -0.149229,  0.160338, -0.560874, -0.255646,  0.270706
 -0.148984,  0.483666, -0.380551, -0.253896,  0.259252
 -0.148740,  0.690836, -0.205043, -0.251179,  0.247260
 -0.148496,  0.770898, -0.055383, -0.247729,  0.236154
 -0.148252,  0.706778,  0.045303, -0.243664,  0.226741
 -0.148008,  0.493607,  0.066287, -0.238962,  0.219100
 -0.147764,  0.160660, -0.028057, -0.233467,  0.212645
 -0.147520, -0.218503, -0.266101, -0.226927,  0.206337
 -0.147275, -0.536646, -0.650783, -0.219062,  0.198984
 -0.147031, -0.681940, -1.143107, -0.209631,  0.189571
 -0.146787, -0.574853, -1.657032, -0.198511,  0.177507
 -0.146543, -0.200413, -2.072933, -0.185741,  0.162762
 -0.146299,  0.374753, -2.269180, -0.171545,  0.145832
 -0.146055,  1.009825, -2.162031, -0.156309,  0.127564
 -0.145811,  1.526869, -1.738299, -0.140531,  0.108887
 -0.145566,  1.770834, -1.066848, -0.124736,  0.090519
 -0.145322,  1.669832, -0.283028, -0.109388,  0.072737
 -0.145078,  1.266876,  0.449260, -0.094804,  0.055273
 -0.144834,  0.705398,  0.984351, -0.081099,  0.037372
 -0.144590,  0.173640,  1.233113, -0.068157,  0.017990
 -0.144346, -0.166265,  1.179183, -0.055643, -0.003895
 -0.144102, -0.232511,  0.870629, -0.043057, -0.028969
 -0.143857, -0.040682,  0.396648, -0.029799, -0.057313
 -0.143613,  0.315974, -0.136785, -0.015259, -0.088277
 -0.143369,  0.706752, -0.624359,  0.001104, -0.120517
 -0.143125,  1.004643, -0.972815,  0.019689, -0.152198
 -0.142881,  1.115911, -1.110289,  0.040701, -0.181321
 -0.142637,  0.995535, -0.994745,  0.064118, -0.206101
 -0.142393,  0.652347, -0.619477,  0.089686, -0.225311
 -0.142148,  0.146984, -0.014017,  0.116930, -0.238517
 -0.141904, -0.419261,  0.758406,  0.145189, -0.246161
 -0.141660, -0.928230,  1.603982,  0.173668, -0.249464
 -0.141416, -1.278771,  2.401755,  0.201506, -0.250182
 -0.141172, -1.418760,  3.012388,  0.227855, -0.250263
 -0.140928, -1.359614,  3.299630,  0.251954, -0.251472
 -0.140684, -1.164629,  3.166178,  0.273202, -0.255072
 -0.140440, -0.916688,  2.593854,  0.291198, -0.261598
 -0.140195, -0.682154,  1.668227,  0.305769, -0.270788
 -0.139951, -0.489021,  0.569565,  0.316941, -0.281654
 -0.139707, -0.328633, -0.472944,  0.324893, -0.292687
 -0.139463, -0.177103, -1.247530,  0.329884, -0.302147
 -0.139219, -0.021968, -1.620116,  0.332167, -0.308375
 -0.138975,  0.122634, -1.566165,  0.331925, -0.310076
 -0.138731,  0.221579, -1.165914,  0.329231, -0.306515
 -0.138486,  0.241724, -0.570119,  0.324058, -0.297609
 -0.138242,  0.178110,  0.047857,  0.316323, -0.283890
 -0.137998,  0.067026,  0.537467,  0.305981, -0.266376
 -0.137754, -0.023245,  0.803247,  0.293111, -0.246371
 -0.137510, -0.020644,  0.819142,  0.278006, -0.225237
 -0.137266,  0.117859,  0.624151,  0.261211, -0.204197
 -0.137022,  0.386489,  0.301565,  0.243497, -0.184182
 -0.136777,  0.734348, -0.052169,  0.225785, -0.165755
 -0.136533,  1.089144, -0.359114,  0.209005, -0.149109
 -0.136289,  1.386332, -0.580494,  0.193934, -0.134113
 -0.136045,  1.588094, -0.717250,  0.181045, -0.120407
 -0.135801,  1.685620, -0.789728,  0.170396, -0.107491
 -0.135557,  1.688972, -0.808065,  0.161590, -0.094818
 -0.135313,  1.613473, -0.753443,  0.153825, -0.081863
 -0.135068,  1.469547, -0.586117,  0.146012, -0.068171
 -0.134824,  1.258967, -0.278417,  0.136955, -0.053393
 -0.134580,  0.977561,  0.148198,  0.125545, -0.037308
 -0.134336,  0.622377,  0.607786,  0.110945, -0.019836
 -0.134092,  0.199811,  0.969012,  0.092715, -0.001045
 -0.133848, -0.267909,  1.101165,  0.070864,  0.018860
 -0.133604, -0.738210,  0.925868,  0.045829,  0.039576
 -0.133359, -1.146918,  0.451208,  0.018373,  0.060749
 -0.133115, -1.415672, -0.226753, -0.010558,  0.082059
 -0.132871, -1.472496, -0.955670, -0.040001,  0.103286
 -0.132627, -1.280535, -1.577321, -0.069117,  0.124379
 -0.132383, -0.860506, -1.974619, -0.097290,  0.145464
 -0.132139, -0.293800, -2.098091, -0.124173,  0.166818
 -0.131895,  0.295928, -1.967549, -0.149658,  0.188773
 -0.131650,  0.774136, -1.655233, -0.173804,  0.211577
 -0.131406,  1.027682, -1.259763, -0.196732,  0.235251
 -0.131162,  0.989255, -0.878625, -0.218521,  0.259456
 -0.130918,  0.650756, -0.584722, -0.239127,  0.283431
 -0.130674,  0.065897, -0.410900, -0.258347,  0.306023
 -0.130430, -0.657459, -0.345130, -0.275844,  0.325815
 -0.130186, -1.375539, -0.337624, -0.291216,  0.341340
 -0.129941, -1.937002, -0.318574, -0.304100,  0.351341
 -0.129697, -2.217665, -0.221154, -0.314285,  0.355022
 -0.129453, -2.153576, -0.001640, -0.321793,  0.352234
 -0.129209, -1.761525,  0.349895, -0.326919,  0.343534
 -0.128965, -1.137753,  0.809526, -0.330189,  0.330123
 -0.128721, -0.433016,  1.326832, -0.332259,  0.313638
 -0.128477,  0.188289,  1.836124, -0.333758,  0.295856
 -0.128232,  0.591842,  2.269776, -0.335109,  0.278373
 -0.127988,  0.707406,  2.571814, -0.336374,  0.262324
 -0.127744,  0.544221,  2.707823, -0.337168,  0.248204
 -0.127500,  0.183480,  2.667039, -0.336670,  0.235848
 -0.127256, -0.250324,  2.456522, -0.333737,  0.224545
 -0.127012, -0.630259,  2.093035, -0.327126,  0.213290
 -0.126768, -0.865595,  1.599830, -0.315754,  0.201084
 -0.126523, -0.923936,  1.010220, -0.298968,  0.187218
 -0.126279, -0.829754,  0.373195, -0.276744,  0.171471
 -0.126035, -0.642844, -0.245524, -0.249768,  0.154154
 -0.125791, -0.428186, -0.771194, -0.219373,  0.136007
 -0.125547, -0.230709, -1.136556, -0.187335,  0.117960
 -0.125303, -0.064697, -1.301568, -0.155569,  0.100816
 -0.125059,  0.079929, -1.266523, -0.125790,  0.084966
 -0.124815,  0.220305, -1.071005, -0.099211,  0.070184
 -0.124570,  0.363018, -0.779690, -0.076348,  0.055598
 -0.124326,  0.495559, -0.463583, -0.056974,  0.039841
 -0.124082,  0.589713, -0.185760, -0.040235,  0.021360
 -0.123838,  0.613601,  0.005189, -0.024885, -0.001178
 -0.123594,  0.547338,  0.076733, -0.009599, -0.028489
 -0.123350,  0.397370,  0.013052,  0.006726, -0.060377
 -0.123106,  0.203308, -0.183354,  0.024743, -0.095626
 -0.122861,  0.030900, -0.489268,  0.044550, -0.132126
 -0.122617, -0.049863, -0.858704,  0.065723, -0.167203
 -0.122373,  0.006434, -1.223784,  0.087475, -0.198101
 -0.122129,  0.198457, -1.502338,  0.108878, -0.222524
 -0.121885,  0.473991, -1.614283,  0.129103, -0.239097
 -0.121641,  0.746917, -1.504029,  0.147602, -0.247664
 -0.121397,  0.928801, -1.160932,  0.164200, -0.249345
 -0.121152,  0.962151, -0.628119,  0.179079, -0.246330
 -0.120908,  0.841550,  0.005721,  0.192666, -0.241458
 -0.120664,  0.613610,  0.628634,  0.205474, -0.237657
 -0.120420,  0.354807,  1.132516,  0.217933, -0.237369
 -0.120176,  0.135642,  1.436272,  0.230258, -0.242076
 -0.119932, -0.012614,  1.500939,  0.242406, -0.252026
 -0.119688, -0.110320,  1.335469,  0.254097, -0.266226
 -0.119443, -0.211242,  0.991538,  0.264916, -0.282677
 -0.119199, -0.361549,  0.546986,  0.274438, -0.298817
 -0.118955, -0.560313,  0.082944,  0.282362, -0.312067
 -0.118711, -0.747731, -0.335034,  0.288589, -0.320352
 -0.118467, -0.830976, -0.663387,  0.293248, -0.322489
 -0.118223, -0.733705, -0.875463,  0.296646, -0.318374
 -0.117979, -0.440612, -0.954310,  0.299168, -0.308910
 -0.117734, -0.012108, -0.892743,  0.301148, -0.295724
 -0.117490,  0.437612, -0.702067,  0.302753, -0.280734
 -0.117246,  0.785620, -0.422049,  0.303900, -0.265665
 -0.117002,  0.945486, -0.122106,  0.304235, -0.251643
 -0.116758,  0.894431,  0.111579,  0.303183, -0.238937
 -0.116514,  0.675664,  0.200625,  0.300044, -0.226923
 -0.116270,  0.378833,  0.102099,  0.294130, -0.214273
 -0.116025,  0.107720, -0.172518,  0.284902, -0.199311
 -0.115781, -0.052111, -0.557248,  0.272083, -0.180470
 -0.115537, -0.054546, -0.953288,  0.255722, -0.156727
 -0.115293,  0.100182, -1.264249,  0.236203, -0.127930
 -0.115049,  0.369033, -1.428760,  0.214195, -0.094927
 -0.114805,  0.676950, -1.435723,  0.190555, -0.059474
 -0.114561,  0.935795, -1.317602,  0.166211, -0.023939
 -0.114316,  1.070523, -1.128025,  0.142038,  0.009144
 -0.114072,  1.044485, -0.915128,  0.118747,  0.037562
 -0.113828,  0.871822, -0.701867,  0.096804,  0.059853
 -0.113584,  0.609834, -0.481304,  0.076386,  0.075593
 -0.113340,  0.334226, -0.228785,  0.057377,  0.085471
 -0.113096,  0.108403,  0.075462,  0.039389,  0.091145
 -0.112852, -0.039508,  0.426429,  0.021825,  0.094906
 -0.112607, -0.122556,  0.789138,  0.003953,  0.099235
 -0.112363, -0.183826,  1.110625, -0.014993,  0.106333
 -0.112119, -0.276702,  1.340731, -0.035712,  0.117718
 -0.111875, -0.445819,  1.449291, -0.058735,  0.133978
 -0.111631, -0.712754,  1.431605, -0.084337,  0.154716
 -0.111387, -1.066893,  1.302474, -0.112468,  0.178679
 -0.111143, -1.463008,  1.086021, -0.142730,  0.204055
 -0.110898, -1.828081,  0.809814, -0.174390,  0.228848
 -0.110654, -2.076800,  0.506995, -0.206441,  0.251273
 -0.110410, -2.131110,  0.222156, -0.237709,  0.270058
 -0.110166, -1.939367,  0.011313, -0.266991,  0.284633
 -0.109922, -1.493836, -0.070568, -0.293198,  0.295141
 -0.109678, -0.844467,  0.009655, -0.315500,  0.302297
 -0.109434, -0.100818,  0.247105, -0.333427,  0.307139
 -0.109190,  0.588453,  0.598260, -0.346927,  0.310719
 -0.108945,  1.079531,  0.996128, -0.356348,  0.313822
 -0.108701,  1.284924,  1.371225, -0.362363,  0.316767
 -0.108457,  1.207019,  1.666579, -0.365833,  0.319339
 -0.108213,  0.935489,  1.842166, -0.367633,  0.320857
 -0.107969,  0.608917,  1.873288, -0.368483,  0.320354
 -0.107725,  0.357819,  1.750031, -0.368792,  0.316834
 -0.107481,  0.253445,  1.479982, -0.368572,  0.309523
 -0.107236,  0.283062,  1.090765, -0.367432,  0.298070
 -0.106992,  0.360301,  0.628879, -0.364656,  0.282649
 -0.106748,  0.364891,  0.154892, -0.359358,  0.263932
 -0.106504,  0.196354, -0.263577, -0.350682,  0.242953
 -0.106260, -0.177659, -0.561678, -0.338012,  0.220888
 -0.106016, -0.697202, -0.691495, -0.321133,  0.198817
 -0.105772, -1.222008, -0.638348, -0.300322,  0.177510
 -0.105527, -1.577464, -0.431685, -0.276326,  0.157298
 -0.105283, -1.617297, -0.142591, -0.250240,  0.138051
 -0.105039, -1.278661,  0.133749, -0.223306,  0.119273
 -0.104795, -0.609905,  0.304263, -0.196658,  0.100272
 -0.104551,  0.237511,  0.302838, -0.171099,  0.080374
 -0.104307,  1.050383,  0.106202, -0.146933,  0.059120
 -0.104063,  1.616766, -0.261564, -0.123909,  0.036396
 -0.103818,  1.791227, -0.734402, -0.101287,  0.012458
 -0.103574,  1.539797, -1.217158, -0.078019, -0.012142
 -0.103330,  0.947844, -1.604005, -0.053003, -0.036711
 -0.103086,  0.188437, -1.800870, -0.025361, -0.060612
 -0.102842, -0.535399, -1.749580,  0.005326, -0.083436
 -0.102598, -1.052087, -1.448962,  0.038872, -0.105116
 -0.102354, -1.265574, -0.964156,  0.074475, -0.125937
 -0.102109, -1.170336, -0.414257,  0.110833, -0.146445
 -0.101865, -0.837404,  0.063835,  0.146371, -0.167277
 -0.101621, -0.381355,  0.362689,  0.179534, -0.188960
 -0.101377,  0.077208,  0.439803,  0.209076, -0.211731
 -0.101133,  0.440749,  0.322859,  0.234291, -0.235420
 -0.100889,  0.648904,  0.083573,  0.255130, -0.259439
 -0.100645,  0.679130, -0.202748,  0.272177, -0.282870
 -0.100400,  0.541491, -0.487841,  0.286500, -0.304631
 -0.100156,  0.275056, -0.755831,  0.299392, -0.323683
 -0.099912, -0.053945, -1.005527,  0.312064, -0.339225
 -0.099668, -0.359670, -1.226031,  0.325368, -0.350829
 -0.099424, -0.556408, -1.384397,  0.339596, -0.358488
 -0.099180, -0.586902, -1.434569,  0.354398, -0.362575
 -0.098936, -0.446227, -1.341795,  0.368861, -0.363714
 -0.098691, -0.187742, -1.105578,  0.381703, -0.362620
 -0.098447,  0.094460, -0.765293,  0.391562, -0.359920
 -0.098203,  0.301353, -0.385360,  0.397302, -0.356025
 -0.097959,  0.368632, -0.030587,  0.398272, -0.351059
 -0.097715,  0.292295,  0.253803,  0.394454, -0.344854
 -0.097471,  0.127469,  0.449226,  0.386469, -0.337020
 -0.097227, -0.038949,  0.558720,  0.375430, -0.327053
 -0.096982, -0.126424,  0.595979,  0.362679, -0.314455
 -0.096738, -0.088045,  0.574683,  0.349466, -0.298842
 -0.096494,  0.086003,  0.501422,  0.336649, -0.280021
 -0.096250,  0.383355,  0.373520,  0.324478, -0.258027
 -0.096006,  0.784701,  0.183451,  0.312526, -0.233117
 -0.095762,  1.265225, -0.069517,  0.299771, -0.205739
 -0.095518,  1.783972, -0.364920,  0.284828, -0.176473
 -0.095273,  2.275330, -0.653473,  0.266271, -0.145969
 -0.095029,  2.655404, -0.863937,  0.242973, -0.114880
 -0.094785,  2.843576, -0.924133,  0.214381, -0.083795
 -0.094541,  2.787690, -0.787873,  0.180682, -0.053180
 -0.094297,  2.479306, -0.456357,  0.142796, -0.023334
 -0.094053,  1.953182,  0.015398,  0.102223,  0.005642
 -0.093809,  1.274426,  0.530749,  0.060767,  0.033842
 -0.093565,  0.520580,  0.978548,  0.020196,  0.061521
 -0.093320, -0.235219,  1.266175, -0.018073,  0.089030
 -0.093076, -0.935229,  1.347705, -0.053206,  0.116720
 -0.092832, -1.538191,  1.237654, -0.085049,  0.144844
 -0.092588, -2.010629,  1.005212, -0.114071,  0.173464
 -0.092344, -2.316349,  0.750878, -0.141174,  0.202394
 -0.092100, -2.416388,  0.573589, -0.167412,  0.231190
 -0.091856, -2.285236,  0.538954, -0.193691,  0.259195
 -0.091611, -1.935642,  0.658061, -0.220523,  0.285636
 -0.091367, -1.435133,  0.882945, -0.247880,  0.309748
 -0.091123, -0.899489,  1.120243, -0.275193,  0.330904
 -0.090879, -0.460524,  1.260175, -0.301483,  0.348710
 -0.090635, -0.220510,  1.213339, -0.325605,  0.363066
 -0.090391, -0.215186,  0.943211, -0.346533,  0.374138
 -0.090147, -0.404508,  0.481453, -0.363627,  0.382283
 -0.089902, -0.695361, -0.080545, -0.376808,  0.387916
 -0.089658, -0.982607, -0.619963, -0.386613,  0.391367
 -0.089414, -1.186512, -1.019045, -0.394086,  0.392754
 -0.089170, -1.270551, -1.196922, -0.400559,  0.391916
 -0.088926, -1.237670, -1.128167, -0.407341,  0.388433
 -0.088682, -1.114294, -0.845291, -0.415400,  0.381716
 -0.088438, -0.933606, -0.426236, -0.425100,  0.371177
 -0.088193, -0.724986,  0.030471, -0.436060,  0.356419
 -0.087949, -0.510823,  0.437534, -0.447155,  0.337408
 -0.087705, -0.308614,  0.747194, -0.456671,  0.314571
 -0.087461, -0.134853,  0.962735, -0.462580,  0.288796
 -0.087217, -0.007014,  1.125377, -0.462880,  0.261319
 -0.086973,  0.058917,  1.281615, -0.455927,  0.233516
 -0.086729,  0.055379,  1.447271, -0.440708,  0.206648
 -0.086484, -0.008261,  1.586798, -0.416992,  0.181616
 -0.086240, -0.100696,  1.619661, -0.385345,  0.158774
 -0.085996, -0.172257,  1.453850, -0.347005,  0.137863
 -0.085752, -0.169306,  1.032695, -0.303657,  0.118066
 -0.085508, -0.055934,  0.371562, -0.257144,  0.098183
 -0.085264,  0.166248, -0.435762, -0.209183,  0.076886
 -0.085020,  0.451735, -1.244781, -0.161132,  0.053002
 -0.084775,  0.725509, -1.907366, -0.113853,  0.025768
 -0.084531,  0.914855, -2.314655, -0.067684, -0.005002
 -0.084287,  0.983274, -2.417466, -0.022528, -0.038856
 -0.084043,  0.947123, -2.221526,  0.021981, -0.074767
 -0.083799,  0.864275, -1.770368,  0.066258, -0.111299
 -0.083555,  0.799985, -1.132411,  0.110557, -0.146842
 -0.083311,  0.787634, -0.398580,  0.154812, -0.179870
 -0.083066,  0.804696,  0.316848,  0.198563, -0.209173
 -0.082822,  0.777211,  0.884785,  0.240981, -0.234022
 -0.082578,  0.612966,  1.186318,  0.280992, -0.254245
 -0.082334,  0.249754,  1.149313,  0.317470, -0.270203
 -0.082090, -0.303309,  0.780612,  0.349455, -0.282677
 -0.081846, -0.952078,  0.174884,  0.376346, -0.292697
 -0.081602, -1.540254, -0.509076,  0.398030, -0.301336
 -0.081357, -1.900885, -1.096465,  0.414911, -0.309523
 -0.081113, -1.914754, -1.448421,  0.427827, -0.317885
 -0.080869, -1.551110, -1.497934,  0.437885, -0.326662
 -0.080625, -0.875416, -1.260118,  0.446230, -0.335697
 -0.080381, -0.024153, -0.818432,  0.453809, -0.344491
 -0.080137,  0.840234, -0.295568,  0.461179, -0.352329
 -0.079893,  1.575125,  0.179970,  0.468386, -0.358430
 -0.079648,  2.087943,  0.502767,  0.474963, -0.362104
 -0.079404,  2.344178,  0.610320,  0.480015, -0.362877
 -0.079160,  2.357703,  0.492293,  0.482395, -0.360567
 -0.078916,  2.173905,  0.189379,  0.480918, -0.355278
 -0.078672,  1.854115, -0.216885,  0.474573, -0.347331
 -0.078428,  1.462925, -0.621650,  0.462695, -0.337134
 -0.078184,  1.056224, -0.919574,  0.445065, -0.325032
 -0.077940,  0.671037, -1.028309,  0.421919, -0.311173
 -0.077695,  0.322584, -0.905675,  0.393886, -0.295432
 -0.077451,  0.011182, -0.556329,  0.361861, -0.277418
 -0.077207, -0.265797, -0.030083,  0.326847, -0.256571
 -0.076963, -0.504583,  0.583681,  0.289806, -0.232329
 -0.076719, -0.691823,  1.165508,  0.251529, -0.204324
 -0.076475, -0.806402,  1.583850,  0.212564, -0.172557
 -0.076231, -0.824849,  1.724200,  0.173200, -0.137502
 -0.075986, -0.730541,  1.524233,  0.133510, -0.100098
 -0.075742, -0.525270,  1.002446,  0.093428, -0.061637
 -0.075498, -0.237497,  0.266051,  0.052860, -0.023541
 -0.075254,  0.079831, -0.510257,  0.011783,  0.012894
 -0.075010,  0.364078, -1.131691, -0.029676,  0.046750
 -0.074766,  0.564391, -1.442728, -0.071198,  0.077661
 -0.074522,  0.658934, -1.378207, -0.112292,  0.105873
 -0.074277,  0.659140, -0.986957, -0.152347,  0.132158
 -0.074033,  0.599878, -0.416938, -0.190726,  0.157611
 -0.073789,  0.521714,  0.134840, -0.226879,  0.183369
 -0.073545,  0.453722,  0.489231, -0.260440,  0.210312
 -0.073301,  0.402930,  0.542734, -0.291296,  0.238815
 -0.073057,  0.352773,  0.295474, -0.319620,  0.268625
 -0.072813,  0.269611, -0.157166, -0.345831,  0.298868
 -0.072568,  0.114197, -0.661980, -0.370515,  0.328215
 -0.072324, -0.144811, -1.059196, -0.394293,  0.355149
 -0.072080, -0.516941, -1.230210, -0.417673,  0.378279
 -0.071836, -0.978063, -1.127014, -0.440897,  0.396629
 -0.071592, -1.465959, -0.775857, -0.463835,  0.409825
 -0.071348, -1.889122, -0.257971, -0.485921,  0.418143
 -0.071104, -2.149917,  0.321296, -0.506180,  0.422406
 -0.070859, -2.175592,  0.861066, -0.523322,  0.423748
 -0.070615, -1.944558,  1.282348, -0.535911,  0.423310
 -0.070371, -1.495520,  1.534670, -0.542578,  0.421938
 -0.070127, -0.914829,  1.599144, -0.542233,  0.419954
 -0.069883, -0.308373,  1.493869, -0.534237,  0.417051
 -0.069639,  0.228609,  1.278974, -0.518514,  0.412342
 -0.069395,  0.630835,  1.051170, -0.495549,  0.404542
 -0.069150,  0.865818,  0.919456, -0.466292,  0.392251
 -0.068906,  0.925012,  0.964896, -0.431989,  0.374262
 -0.068662,  0.814350,  1.200173, -0.393945,  0.349835
 -0.068418,  0.552277,  1.550137, -0.353314,  0.318874
 -0.068174,  0.174697,  1.868223, -0.310919,  0.281973
 -0.067930, -0.260249,  1.987393, -0.267174,  0.240317
 -0.067686, -0.675455,  1.786494, -0.222102,  0.195477
 -0.067441, -0.989927,  1.243868, -0.175461,  0.149136
 -0.067197, -1.142199,  0.454398, -0.126935,  0.102811
 -0.066953, -1.112257, -0.398469, -0.076343,  0.057636
 -0.066709, -0.931490, -1.105263, -0.023825,  0.014236
 -0.066465, -0.675221, -1.502643,  0.030060, -0.027270
 -0.066221, -0.438597, -1.526448,  0.084329, -0.067158
 -0.065977, -0.302083, -1.225978,  0.137690, -0.105921
 -0.065732, -0.297961, -0.737866,  0.188733, -0.144054
 -0.065488, -0.392227, -0.234996,  0.236163, -0.181872
 -0.065244, -0.493031,  0.127509,  0.279021, -0.219398
 -0.065000, -0.486660,  0.252440,  0.316837, -0.256340
 -0.064756, -0.288719,  0.119791,  0.349678, -0.292154
 -0.064512,  0.111547, -0.214864,  0.378083, -0.326181
 -0.064268,  0.635451, -0.641041,  0.402901, -0.357795
 -0.064023,  1.137453, -1.029802,  0.425062, -0.386538
 -0.063779,  1.458747, -1.277007,  0.445343, -0.412191
 -0.063535,  1.490327, -1.336780,  0.464175, -0.434765
 -0.063291,  1.219336, -1.228926,  0.481529, -0.454415
 -0.063047,  0.738827, -1.017005,  0.496919, -0.471302
 -0.062803,  0.216118, -0.771508,  0.509502, -0.485439
 -0.062559, -0.167393, -0.540867,  0.518259, -0.496580
 -0.062315, -0.280279, -0.344903,  0.522212, -0.504171
 -0.062070, -0.084547, -0.187965,  0.520625, -0.507402
 -0.061826,  0.355817, -0.076264,  0.513156, -0.505345
 -0.061582,  0.902509, -0.024152,  0.499910, -0.497140
 -0.061338,  1.396348, -0.045553,  0.481398, -0.482198
 -0.061094,  1.716487, -0.139930,  0.458407, -0.460354
 -0.060850,  1.821157, -0.286325,  0.431810, -0.431935
 -0.060606,  1.751694, -0.450804,  0.402374, -0.397721
 -0.060361,  1.598455, -0.600448,  0.370592, -0.358812
 -0.060117,  1.446853, -0.712886,  0.336606, -0.316435
 -0.059873,  1.332424, -0.776519,  0.300219, -0.271735
 -0.059629,  1.228029, -0.785564,  0.261016, -0.225624
 -0.059385,  1.066873, -0.737691,  0.218551, -0.178696
 -0.059141,  0.784600, -0.637968,  0.172567, -0.131256
 -0.058897,  0.356578, -0.504618,  0.123183, -0.083423
 -0.058652, -0.185437, -0.367595,  0.071007, -0.035278
 -0.058408, -0.760130, -0.256099,  0.017136,  0.012984
 -0.058164, -1.261425, -0.181899, -0.036972,  0.060963
 -0.057920, -1.592262, -0.131320, -0.089721,  0.108042
 -0.057676, -1.696642, -0.073616, -0.139662,  0.153470
 -0.057432, -1.579150,  0.018760, -0.185756,  0.196515
 -0.057188, -1.304164,  0.151841, -0.227576,  0.236641
 -0.056943, -0.973503,  0.306117, -0.265376,  0.273662
 -0.056699, -0.689914,  0.448097, -0.300016,  0.307818
 -0.056455, -0.521338,  0.547494, -0.332745,  0.339735
 -0.056211, -0.482254,  0.587447, -0.364889,  0.370281
 -0.055967, -0.540261,  0.562495, -0.397509,  0.400326
 -0.055723, -0.642042,  0.470019, -0.431094,  0.430473
 -0.055479, -0.742694,  0.306559, -0.465374,  0.460812
 -0.055234, -0.823440,  0.075821, -0.499284,  0.490772
 -0.054990, -0.892152, -0.196354, -0.531093,  0.519100
 -0.054746, -0.970424, -0.453325, -0.558680,  0.543995
 -0.054502, -1.075039, -0.616066, -0.579888,  0.563362
 -0.054258, -1.201266, -0.607629, -0.592895,  0.575139
 -0.054014, -1.313643, -0.381545, -0.596520,  0.577638
 -0.053770, -1.348577,  0.059400, -0.590392,  0.569820
 -0.053525, -1.231265,  0.660176, -0.574974,  0.551459
 -0.053281, -0.904433,  1.324428, -0.551416,  0.523161
 -0.053037, -0.359095,  1.934899, -0.521293,  0.486245
 -0.052793,  0.346763,  2.379792, -0.486282,  0.442507
 -0.052549,  1.092591,  2.580355, -0.447850,  0.393933
 -0.052305,  1.724521,  2.511656, -0.407009,  0.342393
 -0.052061,  2.100819,  2.208082, -0.364207,  0.289402
 -0.051816,  2.137658,  1.750681, -0.319347,  0.235966
 -0.051572,  1.837968,  1.241872, -0.271943,  0.182544
 -0.051328,  1.291725,  0.777946, -0.221351,  0.129122
 -0.051084,  0.646964,  0.427891, -0.167045,  0.075382
 -0.050840,  0.062651,  0.221966, -0.108848,  0.020923
 -0.050596, -0.338061,  0.150285, -0.047087, -0.034517
 -0.050352, -0.497054,  0.171181,  0.017367, -0.090868
 -0.050107, -0.425663,  0.227870,  0.083184, -0.147624
 -0.049863, -0.188631,  0.268270,  0.148763, -0.203822
 -0.049619,  0.122326,  0.259765,  0.212475, -0.258136
 -0.049375,  0.416326,  0.192558,  0.272910, -0.309037
 -0.049131,  0.626152,  0.071852,  0.329082, -0.355013
 -0.048887,  0.720918, -0.094134,  0.380529, -0.394796
 -0.048643,  0.705372, -0.301415,  0.427310, -0.427543
 -0.048398,  0.608194, -0.548146,  0.469882, -0.452959
 -0.048154,  0.467305, -0.826016,  0.508898, -0.471321
 -0.047910,  0.319582, -1.112690,  0.544969, -0.483407
 -0.047666,  0.195658, -1.371398,  0.578437, -0.490345
 -0.047422,  0.115201, -1.558698,  0.609211, -0.493407
 -0.047178,  0.080532, -1.637659,  0.636702, -0.493789
 -0.046934,  0.072873, -1.592216,  0.659858, -0.492419
 -0.046690,  0.057420, -1.437354,  0.677305, -0.489814
 -0.046445, -0.002204, -1.219632,  0.687551, -0.486023
 -0.046201, -0.126733, -1.006100,  0.689217, -0.480643
 -0.045957, -0.309810, -0.865460,  0.681245, -0.472918
 -0.045713, -0.516875, -0.848273,  0.663052, -0.461872
 -0.045469, -0.693670, -0.971535,  0.634593, -0.446466
 -0.045225, -0.780981, -1.210702,  0.596346, -0.425754
 -0.044981, -0.731845, -1.501638,  0.549203, -0.398992
 -0.044736, -0.527343, -1.754202,  0.494330, -0.365724
 -0.044492, -0.186211, -1.875682,  0.433000, -0.325816
 -0.044248,  0.236461, -1.797505,  0.366460, -0.279468
 -0.044004,  0.662787, -1.496312,  0.295831, -0.227199
 -0.043760,  1.012890, -1.002281,  0.222077, -0.169827
 -0.043516,  1.223381, -0.391900,  0.146023, -0.108440
 -0.043272,  1.256249,  0.233023,  0.068406, -0.044362
 -0.043027,  1.098351,  0.774345, -0.010059,  0.020900
 -0.042783,  0.757643,  1.165593, -0.088624,  0.085733
 -0.042539,  0.262265,  1.388893, -0.166486,  0.148526
 -0.042295, -0.336569,  1.473866, -0.242785,  0.207798
 -0.042051, -0.963115,  1.478770, -0.316638,  0.262347
 -0.041807, -1.524547,  1.461887, -0.387174,  0.311381
 -0.041563, -1.929973,  1.454776, -0.453567,  0.354599
 -0.041318, -2.114835,  1.448047, -0.515053,  0.392212
 -0.041074, -2.059217,  1.396765, -0.570930,  0.424865
 -0.040830, -1.790849,  1.245964, -0.620538,  0.453479
 -0.040586, -1.371548,  0.965866, -0.663239,  0.479013
 -0.040342, -0.874197,  0.577982, -0.698410,  0.502219
 -0.040098, -0.361474,  0.156886, -0.725458,  0.523404
 -0.039854,  0.124677, -0.193637, -0.743862,  0.542287
 -0.039609,  0.560355, -0.378743, -0.753234,  0.557961
 -0.039365,  0.928479, -0.349119, -0.753392,  0.569007
 -0.039121,  1.208455, -0.122112, -0.744420,  0.573711
 -0.038877,  1.374954,  0.221222, -0.726687,  0.570378
 -0.038633,  1.406595,  0.563991, -0.700826,  0.557653
 -0.038389,  1.297179,  0.797473, -0.667655,  0.534801
 -0.038145,  1.060400,  0.863695, -0.628050,  0.501879
 -0.037900,  0.724797,  0.776575, -0.582803,  0.459756
 -0.037656,  0.323598,  0.610579, -0.532485,  0.409988
 -0.037412, -0.112531,  0.463686, -0.477357,  0.354565
 -0.037168, -0.555707,  0.415534, -0.417357,  0.295583
 -0.036924, -0.977275,  0.500380, -0.352166,  0.234914
 -0.036680, -1.346721,  0.700987, -0.281359,  0.173930
 -0.036436, -1.634892,  0.957648, -0.204609,  0.113354
 -0.036191, -1.817671,  1.184554, -0.121894,  0.053243
 -0.035947, -1.876346,  1.289837, -0.033685, -0.006878
 -0.035703, -1.795708,  1.198296,  0.058951, -0.067782
 -0.035459, -1.564376,  0.874304,  0.154342, -0.130248
 -0.035215, -1.180085,  0.338980,  0.250307, -0.194776
 -0.034971, -0.657866, -0.325803,  0.344339, -0.261369
 -0.034727, -0.036333, -0.991958,  0.433845, -0.329411
 -0.034482,  0.621460, -1.518289,  0.516397, -0.397671
 -0.034238,  1.234119, -1.794920,  0.589958, -0.464400
 -0.033994,  1.715507, -1.784369,  0.653041, -0.527517
 -0.033750,  1.994275, -1.540883,  0.704781, -0.584824
 -0.033506,  2.033934, -1.194944,  0.744922, -0.634212
 -0.033262,  1.845679, -0.905100,  0.773721, -0.673837
 -0.033018,  1.487772, -0.796479,  0.791785, -0.702231
 -0.032773,  1.050800, -0.913024,  0.799884, -0.718360
 -0.032529,  0.634179, -1.203631,  0.798753, -0.721625
 -0.032285,  0.322100, -1.545642,  0.788938, -0.711843
 -0.032041,  0.166044, -1.792522,  0.770684, -0.689209
 -0.031797,  0.177632, -1.824440,  0.743906, -0.654267
 -0.031553,  0.331175, -1.583603,  0.708244, -0.607891
 -0.031309,  0.572174, -1.086873,  0.663194, -0.551277
 -0.031065,  0.828850, -0.418822,  0.608299, -0.485927
 -0.030820,  1.027055,  0.287664,  0.543364, -0.413603
 -0.030576,  1.109051,  0.879303,  0.468659, -0.336248
 -0.030332,  1.051756,  1.217881,  0.385056, -0.255842
 -0.030088,  0.875888,  1.218268,  0.294079, -0.174232
 -0.029844,  0.639535,  0.876612,  0.197821, -0.092937
 -0.029600,  0.417358,  0.275179,  0.098751, -0.012974
 -0.029356,  0.273913, -0.440740, -0.000568,  0.065237
 -0.029111,  0.241463, -1.105501, -0.097802,  0.141870
 -0.028867,  0.309437, -1.578924, -0.191137,  0.217556
 -0.028623,  0.428041, -1.778828, -0.279470,  0.293128
 -0.028379,  0.524260, -1.690778, -0.362454,  0.369284
 -0.028135,  0.524757, -1.356160, -0.440367,  0.446236
 -0.027891,  0.378412, -0.848451, -0.513820,  0.523418
 -0.027647,  0.072599, -0.249115, -0.583373,  0.599327
 -0.027402, -0.360666,  0.370438, -0.649128,  0.671544
 -0.027158, -0.851466,  0.959543, -0.710405,  0.736952
 -0.026914, -1.312161,  1.491456, -0.765579,  0.792112
 -0.026670, -1.666209,  1.958199, -0.812146,  0.833733
 -0.026426, -1.874643,  2.358310, -0.847008,  0.859143
 -0.026182, -1.947307,  2.683300, -0.866939,  0.866655
 -0.025938, -1.932057,  2.911088, -0.869145,  0.855762
 -0.025693, -1.886882,  3.011797, -0.851801,  0.827114
 -0.025449, -1.849209,  2.963691, -0.814431,  0.782289
 -0.025205, -1.817446,  2.769514, -0.758077,  0.723411
 -0.024961, -1.752906,  2.462106, -0.685165,  0.652716
 -0.024717, -1.600520,  2.094412, -0.599134,  0.572162
 -0.024473, -1.318614,  1.718310, -0.503871,  0.483181
 -0.024229, -0.904216,  1.363187, -0.403089,  0.386623
 -0.023984, -0.402111,  1.025754, -0.299782,  0.282900
 -0.023740,  0.107553,  0.677291, -0.195874,  0.172286
 -0.023496,  0.538506,  0.285687, -0.092145,  0.055284
 -0.023252,  0.830648, -0.159495,  0.011552, -0.067028
 -0.023008,  0.968851, -0.634374,  0.115843, -0.192775
 -0.022764,  0.979145, -1.089035,  0.221267, -0.319234
 -0.022520,  0.907034, -1.471127,  0.327727, -0.442983
 -0.022275,  0.793153, -1.749675,  0.434106, -0.560207
 -0.022031,  0.660994, -1.926191,  0.538145, -0.667111
 -0.021787,  0.520885, -2.029613,  0.636613, -0.760347
 -0.021543,  0.382536, -2.100138,  0.725740, -0.837376
 -0.021299,  0.264207, -2.170712,  0.801805, -0.896690
 -0.021055,  0.191683, -2.253756,  0.861722, -0.937867
 -0.020811,  0.188906, -2.336368,  0.903509, -0.961443
 -0.020566,  0.267110, -2.383299,  0.926488, -0.968633
 -0.020322,  0.418750, -2.346208,  0.931203, -0.960973
 -0.020078,  0.618997, -2.177849,  0.919066, -0.939933
 -0.019834,  0.833904, -1.847941,  0.891828, -0.906603
 -0.019590,  1.031294, -1.355298,  0.851030, -0.861497
 -0.019346,  1.188800, -0.731862,  0.797570, -0.804520
 -0.019102,  1.294621, -0.038028,  0.731514, -0.735102
 -0.018857,  1.340323,  0.648144,  0.652199, -0.652459
 -0.018613,  1.310255,  1.243981,  0.558617, -0.555941
 -0.018369,  1.176435,  1.674436,  0.449972, -0.445377
 -0.018125,  0.906977,  1.883000,  0.326279, -0.321360
 -0.017881,  0.487939,  1.843168,  0.188843, -0.185417
 -0.017637, -0.052698,  1.571153,  0.040488, -0.040025
 -0.017393, -0.635559,  1.134551, -0.114533,  0.111502
 -0.017148, -1.145641,  0.646040, -0.270937,  0.265251
 -0.016904, -1.469679,  0.234133, -0.423039,  0.417017
 -0.016660, -1.538003, -0.002817, -0.565465,  0.562616
 -0.016416, -1.351110, -0.037753, -0.693796,  0.698168
 -0.016172, -0.980621,  0.072793, -0.804988,  0.820302
 -0.015928, -0.547429,  0.214726, -0.897500,  0.926254
 -0.015684, -0.187411,  0.269087, -0.971085,  1.013874
 -0.015440, -0.015664,  0.166447, -1.026331,  1.081544
 -0.015195, -0.098157, -0.080789, -1.064052,  1.128049
 -0.014951, -0.436788, -0.380349, -1.084689,  1.152441
 -0.014707, -0.969658, -0.594445, -1.087862,  1.153933
 -0.014463, -1.584565, -0.593387, -1.072195,  1.131861
 -0.014219, -2.142492, -0.309342, -1.035439,  1.085711
 -0.013975, -2.508122,  0.228798, -0.974904,  1.015218
 -0.013731, -2.582684,  0.893055, -0.888083,  0.920514
 -0.013486, -2.330718,  1.490218, -0.773374,  0.802297
 -0.013242, -1.790723,  1.822380, -0.630729,  0.661980
 -0.012998, -1.063953,  1.753167, -0.462117,  0.501817
 -0.012754, -0.284538,  1.256140, -0.271709,  0.324954
 -0.012510,  0.417934,  0.428946, -0.065732,  0.135422
 -0.012266,  0.950095, -0.531580,  0.147975, -0.061950
 -0.012022,  1.271741, -1.385855,  0.360639, -0.261703
 -0.011777,  1.396041, -1.921069,  0.563357, -0.457976
 -0.011533,  1.376624, -2.011043,  0.747899, -0.644791
 -0.011289,  1.288447, -1.649695,  0.907395, -0.816355
 -0.011045,  1.209489, -0.952113,  1.036803, -0.967358
 -0.010801,  1.207278, -0.124680,  1.133106, -1.093213
 -0.010557,  1.330202,  0.590459,  1.195220, -1.190214
 -0.010313,  1.601509,  0.985143,  1.223653, -1.255602
 -0.010068,  2.013553,  0.948552,  1.219978, -1.287523
 -0.009824,  2.520512,  0.500130,  1.186234, -1.284927
 -0.009580,  3.031574, -0.222343,  1.124369, -1.247441
 -0.009336,  3.413663, -1.014305,  1.035834, -1.175260
 -0.009092,  3.515607, -1.673101,  0.921427, -1.069118
 -0.008848,  3.216283, -2.056545,  0.781426, -0.930342
 -0.008604,  2.480797, -2.112521,  0.616015, -0.761007
 -0.008359,  1.396105, -1.875199,  0.425921, -0.564149
 -0.008115,  0.162535, -1.435959,  0.213162, -0.343990
 -0.007871, -0.961753, -0.903494, -0.018276, -0.106113
 -0.007627, -1.743551, -0.367693, -0.261978,  0.142480
 -0.007383, -2.052229,  0.121889, -0.509010,  0.393471
 -0.007139, -1.901952,  0.557935, -0.748273,  0.637513
 -0.006895, -1.442276,  0.959786, -0.967290,  0.864700
 -0.006650, -0.900805,  1.349848, -1.153348,  1.065149
 -0.006406, -0.500625,  1.734518, -1.294795,  1.229649
 -0.006162, -0.385621,  2.097659, -1.382288,  1.350262
 -0.005918, -0.582439,  2.405861, -1.409757,  1.420811
 -0.005674, -1.009621,  2.619313, -1.374921,  1.437190
 -0.005430, -1.522053,  2.702842, -1.279273,  1.397475
 -0.005186, -1.965444,  2.634989, -1.127576,  1.301869
 -0.004941, -2.218088,  2.414171, -0.927017,  1.152535
 -0.004697, -2.211397,  2.059900, -0.686262,  0.953412
 -0.004453, -1.934128,  1.607189, -0.414646,  0.710086
 -0.004209, -1.428510,  1.095676, -0.121705,  0.429763
 -0.003965, -0.780742,  0.559014,  0.182828,  0.121349
 -0.003721, -0.103095,  0.021245,  0.488634, -0.204404
 -0.003477,  0.492867, -0.496930,  0.784181, -0.534794
 -0.003232,  0.925142, -0.967042,  1.056154, -0.855207
 -0.002988,  1.160852, -1.348379,  1.289256, -1.149412
 -0.002744,  1.217979, -1.599096,  1.466639, -1.400192
 -0.002500,  1.149222, -1.699305,  1.571099, -1.590328
 -0.002256,  1.016450, -1.669583,  1.586995, -1.703887
 -0.002012,  0.867450, -1.567929,  1.502649, -1.727718
 -0.001768,  0.722848, -1.462536,  1.312845, -1.652968
 -0.001523,  0.574239, -1.395396,  1.020977, -1.476469
 -0.001279,  0.390542, -1.358618,  0.640405, -1.201792
 -0.001035,  0.130164, -1.297279,  0.194685, -0.839862
 -0.000791, -0.241650, -1.137049, -0.283493, -0.409035
 -0.000547, -0.731896, -0.822525, -0.754646,  0.065386
 -0.000303, -1.301254, -0.348492, -1.175938,  0.552201
 -0.000059, -1.858090,  0.229529, -1.505417,  1.015917
  0.000185, -2.273822,  0.809722, -1.706655,  1.418929
  0.000430, -2.418943,  1.276576, -1.753344,  1.724291
  0.000674, -2.206690,  1.537150, -1.633370,  1.899082
  0.000918, -1.625960,  1.546279, -1.351812,  1.918273
  0.001162, -0.750695,  1.312716, -0.932345,  1.768795
  0.001406,  0.275683,  0.887453, -0.416500,  1.453335
  0.001650,  1.273208,  0.342288,  0.139575,  0.993066
  0.001894,  2.065226, -0.251314,  0.670940,  0.428469
  0.002139,  2.516130, -0.834893,  1.111922, -0.182622
  0.002383,  2.559640, -1.363024,  1.405490, -0.770223
  0.002627,  2.211002, -1.792579,  1.512546, -1.260610
  0.002871,  1.559148, -2.070368,  1.419379, -1.587051
  0.003115,  0.741208, -2.132149,  1.141573, -1.701249
  0.003359, -0.091655, -1.920756,  0.723105, -1.583262
  0.003603, -0.806422, -1.418294,  0.230224, -1.247601
  0.003848, -1.311271, -0.675787, -0.259173, -0.743591
  0.004092, -1.567273,  0.178503, -0.668892, -0.149146
  0.004336, -1.588507,  0.962368, -0.937935,  0.441505
  0.004580, -1.430336,  1.490260, -1.031373,  0.934127
  0.004824, -1.167617,  1.633060, -0.946247,  1.251674
  0.005068, -0.869603,  1.363060, -0.711189,  1.348752
  0.005312, -0.581531,  0.765676, -0.379841,  1.220132
  0.005557, -0.319980,  0.012895, -0.019508,  0.901281
  0.005801, -0.081414, -0.692354,  0.302429,  0.460679
  0.006045,  0.143721, -1.181821,  0.531429, -0.014498
  0.006289,  0.360642, -1.374279,  0.635336, -0.436149
  0.006533,  0.568315, -1.294072,  0.608741, -0.732619
  0.006777,  0.763113, -1.047399,  0.471602, -0.861886
  0.007021,  0.940699, -0.766628,  0.262845, -0.817905
  0.007266,  1.091790, -0.548875,  0.030729, -0.629062
  0.007510,  1.195389, -0.418143, -0.177705, -0.349526
  0.007754,  1.218306, -0.327631, -0.325790, -0.045865
  0.007998,  1.127095, -0.196988, -0.393230,  0.217832
  0.008242,  0.909387,  0.038773, -0.378050,  0.392943
  0.008486,  0.592537,  0.395026, -0.294574,  0.454770
  0.008730,  0.246123,  0.831314, -0.168373,  0.405027
  0.008975, -0.036700,  1.268725, -0.029617,  0.268422
  0.009219, -0.172036,  1.617477,  0.093574,  0.084694
  0.009463, -0.118412,  1.804447,  0.180405, -0.101647
  0.009707,  0.103440,  1.796186,  0.220431, -0.251365
  0.009951,  0.413394,  1.613031,  0.214064, -0.338157
  0.010195,  0.698724,  1.326932,  0.170822, -0.352537
  0.010439,  0.855629,  1.038156,  0.106046, -0.301559
  0.010684,  0.827626,  0.836410,  0.036954, -0.204995
  0.010928,  0.623242,  0.763099, -0.021057, -0.089260
  0.011172,  0.306147,  0.793743, -0.057204,  0.019246
  0.011416, -0.035164,  0.849750, -0.066782,  0.099857
  0.011660, -0.322732,  0.834112, -0.051253,  0.141260
  0.011904, -0.514042,  0.675304, -0.017129,  0.142520
  0.012148, -0.606851,  0.360930,  0.025943,  0.111663
  0.012393, -0.624343, -0.053507,  0.067436,  0.062475
  0.012637, -0.591521, -0.465281,  0.098081,  0.010515
  0.012881, -0.518100, -0.765188,  0.111520, -0.030666
  0.013125, -0.397813, -0.878920,  0.105244, -0.052261
  0.013369, -0.222877, -0.790756,  0.080737, -0.051461
  0.013613, -0.002853, -0.542268,  0.042885, -0.031162
  0.013857,  0.224710, -0.211399, -0.001185,  0.001566
  0.014102,  0.398588,  0.115945, -0.043567,  0.037701
  0.014346,  0.451664,  0.370036, -0.077098,  0.068580
  0.014590,  0.335152,  0.510542, -0.096638,  0.087753
  0.014834,  0.040367,  0.528377, -0.099926,  0.092054
  0.015078, -0.390370,  0.439928, -0.087866,  0.081770
  0.015322, -0.869351,  0.278350, -0.064224,  0.060030
  0.015566, -1.285874,  0.085247, -0.034808,  0.031683
  0.015810, -1.538345, -0.096225, -0.006308,  0.002002
  0.016055, -1.563624, -0.228258,  0.014999, -0.024453
  0.016299, -1.352548, -0.287402,  0.024410, -0.044610
  0.016543, -0.948749, -0.274751,  0.019633, -0.057175
  0.016787, -0.435492, -0.221108,  0.001130, -0.062480
  0.017031,  0.084138, -0.179623, -0.028060, -0.062005
  0.017275,  0.511113, -0.204641, -0.062982, -0.057758
  0.017519,  0.774800, -0.324850, -0.097764, -0.051685
  0.017764,  0.850250, -0.523774, -0.126736, -0.045249
  0.018008,  0.761137, -0.738146, -0.145464, -0.039242
  0.018252,  0.567352, -0.877287, -0.151495, -0.033817
  0.018496,  0.343014, -0.857879, -0.144697, -0.028689
  0.018740,  0.152866, -0.641526, -0.127140, -0.023404
  0.018984,  0.033561, -0.259756, -0.102572, -0.017579
  0.019228, -0.015580,  0.185814, -0.075626, -0.011059
  0.019473, -0.029642,  0.551529, -0.050902, -0.003955
  0.019717, -0.063715,  0.700091, -0.032124,  0.003412
  0.019961, -0.171101,  0.552321, -0.021518,  0.010627
  0.020205, -0.379599,  0.122197, -0.019502,  0.017301
  0.020449, -0.671363, -0.480322, -0.024735,  0.023155
  0.020693, -0.973177, -1.082442, -0.034486,  0.028053
  0.020937, -1.165437, -1.507177, -0.045220,  0.031977
  0.021182, -1.114808, -1.636671, -0.053301,  0.034978
  0.021426, -0.725089, -1.456817, -0.055661,  0.037124
  0.021670,  0.011321, -1.065314, -0.050333,  0.038459
  0.021914,  0.985013, -0.637898, -0.036766,  0.039012
  0.022158,  1.982911, -0.363088, -0.015868,  0.038814
  0.022402,  2.745912, -0.368153,  0.010184,  0.037957
  0.022646,  3.051902, -0.663887,  0.038352,  0.036631
  0.022891,  2.791050, -1.132179,  0.065265,  0.035148
  0.023135,  2.002840, -1.566309,  0.087790,  0.033935
  0.023379,  0.862170, -1.750487,  0.103545,  0.033478
  0.023623, -0.376016, -1.544763,  0.111280,  0.034234
  0.023867, -1.449634, -0.938775,  0.111061,  0.036522
  0.024111, -2.154778, -0.054435,  0.104229,  0.040415
  0.024355, -2.387303,  0.899084,  0.093141,  0.045654
  0.024600, -2.155680,  1.697265,  0.080734,  0.051622
  0.024844, -1.567652,  2.171445,  0.069990,  0.057371
  0.025088, -0.796786,  2.254904,  0.063385,  0.061728
  0.025332, -0.037294,  1.990522,  0.062443,  0.063454
  0.025576,  0.542124,  1.501431,  0.067459,  0.061441
  0.025820,  0.834570,  0.939754,  0.077471,  0.054905
  0.026064,  0.813938,  0.435960,  0.090468,  0.043547
  0.026309,  0.534275,  0.068730,  0.103823,  0.027652
  0.026553,  0.111188, -0.137140,  0.114834,  0.008103
  0.026797, -0.310471, -0.192689,  0.121287, -0.013701
  0.027041, -0.596197, -0.123237,  0.121897, -0.036006
  0.027285, -0.659484,  0.043326,  0.116552, -0.056921
  0.027529, -0.486103,  0.275960,  0.106280, -0.074674
  0.027773, -0.135257,  0.534583,  0.092968, -0.087859
  0.028018,  0.284568,  0.768371,  0.078884, -0.095620
  0.028262,  0.656259,  0.923836,  0.066126, -0.097775
  0.028506,  0.894494,  0.960815,  0.056125, -0.094808
  0.028750,  0.969141,  0.867993,  0.049324, -0.087777
  0.028994,  0.903048,  0.668735,  0.045127, -0.078107
  0.029238,  0.747923,  0.413315,  0.042105, -0.067345
  0.029482,  0.552193,  0.161498,  0.038441, -0.056893
  0.029727,  0.337904, -0.035802,  0.032466, -0.047792
  0.029971,  0.098501, -0.148373,  0.023181, -0.040590
  0.030215, -0.181934, -0.170461,  0.010592, -0.035306
  0.030459, -0.499959, -0.119034, -0.004207, -0.031517
  0.030703, -0.813629, -0.028602, -0.019250, -0.028517
  0.030947, -1.047144,  0.057678, -0.032161, -0.025529
  0.031191, -1.118318,  0.100529, -0.040751, -0.021913
  0.031435, -0.973443,  0.078190, -0.043598, -0.017335
  0.031680, -0.611535, -0.003230, -0.040471, -0.011851
  0.031924, -0.088990, -0.107446, -0.032477, -0.005904
  0.032168,  0.493351, -0.177402, -0.021888, -0.000214
  0.032412,  1.013866, -0.156303, -0.011684,  0.004399
  0.032656,  1.358266, -0.014135, -0.004915,  0.007236
  0.032900,  1.446526,  0.231944, -0.004027,  0.007942
  0.033144,  1.252073,  0.515606, -0.010314,  0.006659
  0.033389,  0.807032,  0.742347, -0.023628,  0.004093
  0.033633,  0.191699,  0.824981, -0.042405,  0.001439
  0.033877, -0.487131,  0.716501, -0.064013,  0.000187
  0.034121, -1.120105,  0.426053, -0.085325,  0.001820
  0.034365, -1.613750,  0.014601, -0.103400,  0.007472
  0.034609, -1.901311, -0.423924, -0.116101,  0.017608
  0.034853, -1.948690, -0.787582, -0.122505,  0.031816
  0.035098, -1.757457, -0.990748, -0.123034,  0.048762
  0.035342, -1.363234, -0.982647, -0.119264,  0.066338
  0.035586, -0.827658, -0.756336, -0.113475,  0.081995
  0.035830, -0.226369, -0.347824, -0.108054,  0.093193
  0.036074,  0.361670,  0.170676, -0.104896,  0.097899
  0.036318,  0.860994,  0.699457, -0.104947,  0.095007
  0.036562,  1.205770,  1.123500, -0.107986,  0.084607
  0.036807,  1.350231,  1.333453, -0.112710,  0.068021
  0.037051,  1.282799,  1.255826, -0.117073,  0.047605
  0.037295,  1.035393,  0.882183, -0.118809,  0.026338
  0.037539,  0.677707,  0.281746, -0.116000,  0.007283
  0.037783,  0.293914, -0.411987, -0.107563, -0.006965
  0.038027, -0.048697, -1.037315, -0.093531, -0.014744
  0.038271, -0.321848, -1.450313, -0.075080, -0.015589
  0.038516, -0.534955, -1.565951, -0.054291, -0.010267
  0.038760, -0.710467, -1.383026, -0.033712, -0.000568
  0.039004, -0.852551, -0.986031, -0.015822,  0.011089
  0.039248, -0.931514, -0.521571, -0.002523,  0.022143
  0.039492, -0.895446, -0.153513,  0.005238,  0.030373
  0.039736, -0.701431, -0.009797,  0.007625,  0.034263
  0.039980, -0.346272, -0.139154,  0.005842,  0.033203
  0.040225,  0.120975, -0.493360,  0.001847,  0.027490
  0.040469,  0.609457, -0.941606, -0.002072,  0.018150
  0.040713,  1.012703, -1.313222, -0.003755,  0.006643
  0.040957,  1.239485, -1.456343, -0.001585, -0.005471
  0.041201,  1.239963, -1.294306,  0.005242, -0.016844
  0.041445,  1.019859, -0.859740,  0.016617, -0.026551
  0.041689,  0.638669, -0.290473,  0.031603, -0.034181
  0.041934,  0.194065,  0.216185,  0.048662, -0.039811
  0.042178, -0.200851,  0.476308,  0.065972, -0.043872
  0.042422, -0.441772,  0.390393,  0.081768, -0.046971
  0.042666, -0.456596, -0.017666,  0.094633, -0.049711
  0.042910, -0.225817, -0.610258,  0.103703, -0.052540
  0.043154,  0.205072, -1.189298,  0.108751, -0.055680
  0.043398,  0.727806, -1.569433,  0.110153, -0.059119
  0.043643,  1.193503, -1.640451,  0.108754, -0.062666
  0.043887,  1.454633, -1.395070,  0.105663, -0.066033
  0.044131,  1.416411, -0.914843,  0.102024, -0.068922
  0.044375,  1.076829, -0.325021,  0.098794, -0.071075
  0.044619,  0.533800,  0.258764,  0.096576, -0.072290
  0.044863, -0.048782,  0.768001,  0.095524, -0.072386
  0.045107, -0.503962,  1.189249,  0.095336, -0.071159
  0.045352, -0.726195,  1.544678,  0.095340, -0.068325
  0.045596, -0.707878,  1.859819,  0.094644, -0.063512
  0.045840, -0.531782,  2.136394,  0.092339, -0.056295
  0.046084, -0.325426,  2.342687,  0.087690, -0.046291
  0.046328, -0.201626,  2.424467,  0.080312, -0.033295
  0.046572, -0.213337,  2.330335,  0.070270, -0.017429
  0.046816, -0.340380,  2.039041,  0.058095,  0.000743
  0.047060, -0.509024,  1.575105,  0.044714,  0.020165
  0.047305, -0.631435,  1.004923,  0.031303,  0.039346
  0.047549, -0.645960,  0.416778,  0.019093,  0.056517
  0.047793, -0.541312, -0.103241,  0.009162,  0.069883
  0.048037, -0.356143, -0.488200,  0.002257,  0.077920
  0.048281, -0.157283, -0.696982, -0.001327,  0.079669
  0.048525, -0.009937, -0.715081, -0.001784,  0.074951
  0.048769,  0.045186, -0.556313,  0.000250,  0.064463
  0.049014,  0.000369, -0.268142,  0.003812,  0.049720
  0.049258, -0.122344,  0.065139,  0.007789,  0.032839
  0.049502, -0.279182,  0.332545,  0.011095,  0.016210
  0.049746, -0.414151,  0.425747,  0.012832,  0.002108
  0.049990, -0.472083,  0.279084,  0.012406, -0.007682
